hash_number_A,target
148752,0
149001,0
149147,0
149207,0
149342,0
149749,0
149854,0
149996,0
150624,0
150964,0
151066,0
151137,0
151380,0
151558,0
151834,0
152198,0
152227,0
152269,0
152437,0
152459,0
152529,0
152621,0
152630,0
152754,0
152932,0
153019,0
153093,0
153166,0
153200,0
153408,0
153501,0
153597,1114
153893,0
153997,0
154081,0
154083,0
154194,0
154249,0
154270,0
154363,0
154620,0
154682,0
154896,0
155060,0
155216,0
155298,0
155600,15
155680,0
155977,0
155996,0
156082,0
156084,0
156290,0
156340,0
156350,0
156456,0
156511,0
156515,0
156561,0
156676,213
156712,0
156735,2939
156831,0
157235,0
157256,0
157332,0
158207,0
158964,0
158998,0
159287,0
159572,0
159893,0
160905,0
161309,0
161331,0
161928,0
162502,0
162850,0
162886,0
162930,0
162933,159
163242,0
163878,0
164169,0
164317,0
164497,0
164902,0
165177,0
165211,0
165219,0
165500,0
165889,0
166288,0
166390,0
166487,0
166638,0
166887,0
166987,0
167222,0
167426,0
167523,0
167683,0
167808,0
167971,0
168037,0
168133,0
168175,0
168619,0
168705,0
168952,0
169243,0
169249,0
169438,0
169839,0
170124,0
170184,0
170423,0
170693,0
170696,0
170924,0
170950,0
171171,586
171223,0
171992,0
172029,0
172070,0
172162,0
172696,0
172950,721
173125,0
173157,0
173272,0
173488,0
173781,0
173990,0
174164,0
174207,0
174240,0
174331,0
174369,288
174400,0
174428,0
174518,0
174549,0
174643,0
174742,0
174937,0
175234,0
175237,0
175238,0
175412,369
175490,0
175582,0
175634,0
175728,0
176142,0
176220,0
176548,0
176626,0
177063,0
177125,0
177331,0
177360,0
177379,0
177422,0
177838,0
177902,0
178051,0
178427,0
178693,0
179073,0
179176,0
179314,0
179334,0
179764,0
180077,0
180114,0
180366,0
180780,0
180795,0
180954,0
180971,0
181629,0
181696,0
181922,0
182036,0
182092,0
182137,0
182163,0
182789,0
182806,0
182905,0
183149,0
183292,0
183453,0
183747,0
183877,0
184070,0
184290,0
184649,0
184978,0
185010,0
185136,0
185596,0
185819,0
186090,0
186098,0
186269,0
187173,0
187335,0
187470,0
187518,0
187717,0
187821,0
188254,0
188351,0
188773,0
188943,0
188951,0
189015,0
189346,0
189446,0
189509,0
189513,0
189649,0
190047,315
190531,0
190646,0
191017,0
191412,0
191486,0
191859,0
192059,0
192358,0
192577,0
192941,0
193279,0
193362,0
193487,0
193964,0
193967,0
194131,0
194525,0
194586,0
194628,256
194756,0
194763,0
195111,0
195353,0
195505,0
195609,0
195739,0
196413,0
196603,0
197246,0
197332,108
197366,0
197479,0
197586,0
197610,0
197681,0
197740,0
197786,0
198060,0
198283,0
198337,0
198516,0
198626,0
199097,0
199137,0
199653,0
199674,0
199879,0
199995,0
199997,0
200160,0
200262,0
200271,0
200277,0
200367,0
200481,0
200592,0
200654,0
200679,0
200780,0
201034,0
201273,0
201784,0
201949,0
201972,0
202211,0
202492,0
202509,0
202521,0
202523,0
202641,0
202695,0
202767,37
202958,0
202979,0
203223,0
203353,0
203512,0
203585,0
204129,0
204131,0
204159,0
204171,0
204173,0
204632,0
205013,0
205061,243
205165,0
205284,0
205360,0
205795,0
205825,0
206044,0
206256,0
206314,47
206731,0
206747,0
206820,0
206917,0
206996,0
207084,0
207191,0
207302,0
208139,0
208176,0
208316,0
208484,0
208915,0
209214,0
209241,0
209386,0
209844,0
209914,0
209960,0
209992,0
210156,0
210207,0
210213,1246
210439,0
210726,0
210827,0
211040,0
211380,0
211727,0
212245,0
212296,98
212301,0
212652,0
212739,0
212751,0
212859,0
213141,0
213276,0
213597,0
213653,0
213883,0
213967,0
214147,0
214271,0
214340,0
214464,0
214927,304
215206,0
215253,0
215535,0
215550,0
215920,0
216153,0
216304,0
216376,0
216480,0
216978,0
217080,0
217122,0
217257,0
217846,0
217908,0
218272,0
218855,0
219266,0
220017,0
220080,0
220307,0
220728,0
220805,0
221924,0
222042,0
222493,0
222581,0
222593,0
222798,0
223448,0
223536,0
223552,0
223565,0
223926,0
223947,0
224227,0
224660,0
224865,0
225269,0
225345,0
225497,266
225610,0
225657,0
225837,0
225997,0
226073,0
226688,0
226778,0
226853,0
226958,0
227279,0
227667,0
227725,123
227927,0
227993,0
228670,0
229062,0
229090,0
229358,0
229997,0
230262,0
230540,0
230834,0
230938,0
231178,0
231256,0
231400,0
231721,0
231818,0
231910,0
232120,0
232351,0
232924,0
233022,0
233261,0
233429,0
233649,0
233823,0
234229,0
234683,0
234798,0
235210,0
235269,0
235722,0
235923,0
236143,0
236408,0
236490,0
236557,0
236866,0
236874,0
237006,0
237007,0
237019,0
237023,0
237077,0
237169,404
237270,0
237632,0
237998,0
238141,0
238197,0
238231,0
238382,0
238651,0
238663,0
238875,0
239136,0
239195,0
239549,0
239560,0
239579,452
239618,0
239730,0
239757,0
239834,1403
239875,0
240068,0
240181,0
240263,0
240682,0
240948,0
241570,0
241687,0
241929,0
241980,0
242176,0
242659,0
243017,0
243045,0
243528,0
243568,0
243630,159
243817,0
244285,0
244367,506
244524,0
245065,0
245313,0
245348,0
245516,0
245834,0
245932,0
246347,0
246502,0
246511,0
247200,0
247498,0
247586,0
247823,0
248191,0
248194,0
248383,0
248837,0
249057,0
249102,0
249232,0
249254,0
249402,85
249442,0
249463,0
250067,0
250178,0
250183,32
250571,0
250919,0
251035,0
251089,0
251171,0
251292,0
251485,0
251783,0
251951,0
252159,0
252469,0
252676,0
252894,153
253038,0
253044,0
254078,0
254670,0
254691,0
254866,0
254979,0
255012,0
255023,0
255150,0
255524,0
255631,106
255737,0
255914,0
255992,0
256309,0
256551,0
256561,0
256792,0
256845,0
256882,0
256994,0
257169,0
257332,0
258039,0
258248,0
258829,0
258922,0
258965,0
259174,0
259314,0
259636,0
259746,139
259903,0
259929,0
260009,0
260101,0
260772,0
260848,0
261142,0
261150,0
261828,0
261918,0
261956,0
261959,0
261968,0
262088,0
262115,0
262339,0
262442,1342
262513,0
262980,0
263112,0
263129,0
263261,0
263543,0
263615,0
263716,0
263819,0
263950,0
264142,0
264219,0
264611,0
264891,0
265010,0
265153,0
265174,0
265538,0
265608,0
265676,0
265720,0
265755,0
265782,0
265798,0
265931,0
265954,0
265997,0
266036,0
266046,0
266384,0
267056,0
267145,0
267387,0
267390,0
267474,0
267612,0
268128,0
268176,0
268285,0
268343,0
268740,0
268803,0
269132,0
269192,0
269335,0
269907,0
270312,878
270423,0
270522,0
270624,0
270633,0
271210,0
271235,0
271267,0
271394,0
271812,0
271872,0
272129,0
272257,0
272595,0
272740,0
272793,0
272854,0
272970,0
272982,0
273017,0
273133,0
273655,0
273978,0
274145,0
274399,0
274431,0
275240,0
275547,0
275707,0
275787,0
276130,0
276455,0
276498,0
276608,0
276747,0
276794,0
276975,0
277572,0
277879,0
277916,0
277948,0
278158,0
278863,0
278933,0
278978,0
279278,0
279430,0
279462,0
279522,0
279647,0
279702,0
279809,0
279984,0
280313,126
280418,0
280438,0
280869,0
281012,2570
281144,0
281158,0
281563,0
281969,0
282027,0
282185,0
282361,0
282659,0
282707,0
282713,0
282739,0
283011,0
283530,0
283843,0
283859,0
284039,0
284130,0
284218,0
284239,0
284316,0
284430,0
284597,0
284602,0
284927,0
285607,0
285662,0
285729,0
285761,0
285824,0
285895,10
286061,0
286233,0
286325,0
286476,190
286494,0
286503,0
287234,204
287251,0
287583,0
287667,0
287715,0
288158,0
288903,0
288918,0
289046,0
289436,0
289442,0
289812,0
290279,0
290742,0
290864,0
290948,0
291061,0
291211,0
291431,0
292015,0
292490,0
292956,0
293018,0
293065,0
293272,0
293314,0
293374,997
293643,0
293651,0
293776,0
293848,0
334427,0
345530,0
351667,0
388427,0
388441,0
388604,0
388770,0
388870,0
388921,0
389497,0
389555,0
389823,0
390114,0
390566,0
390753,0
391066,0
391137,0
391505,0
391623,0
391664,0
391823,0
392135,0
392322,0
392389,0
392617,0
392757,0
393204,0
393450,0
393530,0
393579,0
393648,0
393740,0
393746,0
393993,0
394246,0
394275,0
394326,214
394422,0
394433,0
394641,0
394685,0
395053,0
395069,0
395320,0
395837,0
396001,0
396115,0
396326,0
396418,0
396427,0
396775,7564
396978,0
397482,0
397856,0
398855,0
399184,45
399554,0
400050,0
400325,0
400437,0
400547,0
400792,0
400902,0
401302,0
401462,0
402147,0
402319,0
402687,0
403206,0
403414,0
403736,0
403754,0
403840,0
404220,0
404801,0
404828,0
405143,0
405177,0
405262,0
405333,0
405338,0
405372,45
405485,0
405578,0
405818,0
405866,0
406760,0
406842,0
407772,0
407783,0
407900,0
408128,0
408260,0
408284,0
408412,0
408425,0
408773,0
408878,0
408923,0
409126,0
409299,0
409300,0
409497,0
409655,0
409680,0
409696,0
409857,0
409891,0
410047,0
410103,0
410533,0
411182,0
411302,0
411355,0
411418,0
411430,0
411618,0
411671,0
411806,0
412043,0
412099,0
412459,0
412554,0
412800,0
412877,0
413151,0
413184,0
414503,0
414547,0
414655,0
414788,0
415560,2170
415630,0
416071,0
416091,0
416150,0
416813,0
416815,0
417012,0
417033,1357
417209,0
417873,0
418012,0
418337,0
418477,0
418598,0
418599,0
418920,0
419045,99
419192,0
419452,0
419881,0
419979,0
420118,0
420166,0
420470,0
420616,0
420669,0
420858,0
421017,0
421125,0
421195,0
421329,0
421708,0
421747,0
421996,0
422130,0
422401,0
422530,0
422647,0
422953,0
422975,0
422991,0
423127,0
423145,0
423184,231
423307,0
423408,0
423444,0
423625,0
423798,0
423853,0
424033,0
424120,0
424192,0
424452,0
425045,0
425167,0
425640,0
425887,0
426221,0
426226,0
426332,0
426444,0
426525,0
427127,0
427468,0
427601,0
427779,0
428396,0
428403,0
428459,0
428602,349
428631,0
428650,0
428732,0
428966,0
429431,0
429463,0
429529,0
429552,0
429658,0
430047,0
430060,0
430399,0
430801,0
431100,0
431128,0
431261,0
431290,0
431996,0
432183,0
432397,0
432614,0
432871,0
432874,0
432995,0
433206,0
433555,0
433710,0
433873,0
434029,0
434071,0
434392,0
434482,64
434539,0
434596,45
434786,0
435003,0
435277,0
435341,0
435351,0
435514,0
435571,0
435686,0
436162,0
436291,0
436368,0
436688,0
437064,0
437099,298
437167,0
437321,0
437519,0
437836,0
437875,0
438186,0
438392,0
438483,0
438621,0
438913,0
438941,608
439071,0
439253,0
439463,0
439585,0
439656,0
440022,0
440215,0
440351,0
440576,0
440647,56
440726,0
441095,0
441159,0
441510,0
442900,0
443182,0
443290,0
443422,0
443479,72
443663,0
443881,0
443970,0
443998,0
444213,0
444817,0
445396,0
446044,0
446576,0
446742,0
447014,0
447189,0
447324,0
447352,0
447521,0
448119,0
448410,0
448417,0
448465,0
448560,0
449426,0
449622,0
449662,0
449744,0
449809,0
450213,0
450352,0
450417,0
450466,0
450511,0
450570,0
450580,0
451114,0
451219,0
451274,0
451631,0
451849,0
451875,0
451901,0
451902,0
451905,0
451948,0
451971,0
452056,0
452058,173
452178,0
452978,0
453120,3155
453123,0
453599,0
453645,0
453785,0
453849,0
453851,0
454011,0
454150,0
454195,0
454248,0
454342,0
454509,0
454554,0
454830,0
455340,0
455443,0
455823,0
455841,0
456279,0
456473,0
456558,0
456609,0
456720,0
457092,0
457209,0
457338,0
457373,0
457795,0
457962,0
457996,0
458079,0
458208,0
458329,0
458401,0
458442,0
458580,0
458627,0
458703,0
458857,0
458921,0
459249,0
459466,0
459920,0
460404,0
460500,0
460648,0
460881,0
460976,28
461053,0
461262,0
461304,0
461330,0
461658,0
461932,0
462104,0
462975,0
463240,0
463366,0
463478,0
463631,0
464051,0
464196,0
465130,0
465138,0
465294,0
465346,0
465989,0
466197,0
466256,0
466298,0
466585,0
466701,0
466948,0
467588,0
467677,0
468009,0
468357,0
468427,0
468437,0
468489,0
468602,0
468731,0
468857,0
469169,0
469193,0
469358,302
469656,0
469676,0
470050,0
470102,0
470281,0
470769,0
471090,0
471093,0
471241,0
471372,0
472345,0
472945,0
473480,0
473547,0
473593,0
473757,0
474018,0
474090,0
474180,0
474423,0
474610,0
475130,0
475741,0
476641,0
476660,0
476681,0
476884,0
477117,225
477943,0
478169,0
478399,0
479064,0
479189,0
479427,0
479488,0
479584,0
479739,0
479768,0
479823,0
480237,0
480294,0
480333,1109
480392,0
480976,0
481037,0
481066,0
481145,0
481206,0
481869,0
482324,0
482399,0
482449,781
482702,0
482738,0
482780,0
482961,0
483074,0
483136,0
483364,0
483427,0
483472,0
483604,0
483837,0
484037,0
484139,0
484622,0
485030,0
485196,0
485529,0
485676,0
486220,0
486247,0
486422,0
487221,0
487444,0
487499,0
487555,84
487766,0
487839,0
487913,0
488157,0
488179,0
488184,0
488329,0
488402,0
488495,0
488633,0
488850,0
489044,0
489096,0
489175,0
489327,0
489627,0
489854,0
489954,0
490120,0
490239,0
490377,0
490942,0
491098,0
491616,0
491856,0
492306,0
492887,0
493006,0
493173,0
493526,307
493623,0
494257,0
494373,0
494956,0
495203,0
495752,0
495853,0
496339,0
496661,0
497156,0
497222,0
497629,259
497918,0
497930,0
498862,0
499972,0
500087,0
500456,0
500464,0
500467,0
500579,0
501192,0
501787,0
502148,0
502325,0
502613,0
503087,0
503364,0
503827,0
504541,0
504558,0
504720,0
504899,0
505003,0
505051,0
505109,0
505461,0
505931,0
506524,0
506547,0
506849,0
507184,0
507288,0
507399,0
507852,0
507907,0
508317,0
508516,0
508545,0
508578,0
508636,0
508862,0
508975,0
509063,0
509104,0
509365,0
509392,0
509844,0
509896,0
510061,0
510072,0
510147,0
510682,0
510859,0
511157,0
511381,0
511542,0
511577,0
511690,0
511729,0
511766,0
511813,0
511979,0
512056,0
512321,0
512352,0
512410,0
512443,0
512624,0
512635,0
513348,0
513455,0
513993,0
513994,0
514065,0
514367,0
514677,0
514914,0
515015,0
515417,0
515774,0
515778,0
515861,0
515982,0
516101,0
516199,0
516214,0
516258,0
516596,0
516624,0
516638,0
516723,0
517054,0
517059,0
517102,0
517342,0
517359,0
517822,0
517922,0
517929,0
518160,0
518529,0
518560,0
518900,0
518914,0
519005,0
519523,0
519887,0
519989,0
520628,0
521005,0
521015,0
522201,0
522579,0
522635,140
522796,0
523104,0
523508,0
523782,0
524169,0
524602,0
524768,0
525057,0
525826,0
525965,0
526201,0
526372,0
526519,0
526919,0
526965,0
527031,0
527112,0
527445,0
527648,0
527772,0
527860,0
527926,0
528066,0
528637,0
528802,0
528908,0
528969,0
529236,0
529250,0
529473,0
529514,0
529606,0
529678,0
530051,0
530157,0
530195,0
530335,0
531658,0
531665,0
531711,0
531814,0
531841,0
531999,0
532035,0
532109,0
532328,0
533059,0
533148,0
533413,0
533539,0
533635,0
533749,0
534094,0
534309,0
534386,0
534687,0
534721,0
534797,0
534945,0
534989,0
535015,0
535076,142
535146,36
535188,0
535355,0
535379,0
535699,0
535767,0
535780,0
535810,0
535884,0
536190,0
536295,0
536419,0
536466,0
536559,0
536744,0
537429,0
537540,0
538081,0
538135,0
538142,0
538491,0
538668,0
538874,0
538902,0
539022,0
540533,0
540545,0
541027,0
541256,0
541296,0
541323,0
542287,0
542319,0
542400,0
542457,0
542697,0
542784,0
542803,177
543012,0
543245,0
543319,0
543455,0
543485,0
543508,0
543603,0
543626,0
543758,0
543835,44
544009,0
544255,0
544317,0
544557,0
544670,33
544837,0
544894,0
544910,130
545009,0
545378,0
545405,0
545872,0
545890,0
546316,0
546322,0
546466,0
546530,93
546842,0
547029,0
547333,0
547734,0
547785,0
547819,0
547895,0
548501,0
548559,0
548598,0
548672,0
548763,0
548792,0
549235,0
549375,0
549445,0
549461,0
549793,0
549987,0
549998,0
550039,0
550084,190
550225,65
550263,0
550350,0
550493,0
550752,0
550814,0
551035,0
551070,642
551199,0
551210,0
551292,0
551313,0
551425,0
552069,0
552206,0
552325,0
552364,0
552411,0
552467,0
552541,0
552748,0
552852,0
552897,0
552906,0
553229,0
553384,0
553459,0
553613,0
554242,0
554360,0
554850,0
554973,0
554998,0
555113,0
555362,0
555543,0
555873,0
555877,0
555943,0
556495,0
556960,0
557047,0
557078,0
557303,0
557434,0
557593,0
557629,0
557795,0
558138,0
558225,0
558290,0
558421,0
558422,0
558988,0
559058,0
559177,0
559835,0
560059,0
560091,0
560225,0
560428,0
560573,0
560667,0
560864,536
560880,0
560916,0
561170,0
561479,0
561536,0
562123,0
562310,0
562407,0
562556,0
562887,0
563082,0
563293,280
563319,0
563386,218
563737,0
563989,0
563996,0
564111,0
564153,0
564200,0
564381,0
564412,0
564429,0
564597,0
566113,0
566127,0
566198,0
566896,0
567077,0
567272,0
567628,0
567972,0
568061,111
568440,0
568442,0
568716,0
568850,531
569408,0
569516,0
569685,0
569934,0
570127,0
570321,0
570419,0
570646,0
571084,0
571769,0
572308,0
572442,0
572868,0
572874,0
572951,0
572990,0
573033,0
573266,0
573298,0
573413,0
573847,0
573884,0
574190,0
574625,0
574647,0
574674,0
575334,0
575759,0
575768,0
575913,0
576094,0
576451,0
576525,0
576650,0
576909,0
577168,0
577355,0
577559,0
577699,0
577822,0
578051,0
578168,0
578188,0
578606,0
578680,0
578973,0
579415,0
579515,0
579765,0
579840,0
580089,0
580381,0
580489,0
580669,0
580675,0
580766,0
581171,0
581333,0
581449,0
581730,0
581884,0
583244,0
583508,0
583556,0
583690,0
583836,0
583842,0
583924,0
584095,0
584152,0
584572,0
584609,0
584864,0
585400,0
586487,0
586859,0
586926,0
587089,0
587242,0
587469,0
588127,0
588186,0
588539,0
588549,0
589008,0
589053,0
589313,0
589502,0
589827,0
590200,0
590237,0
590366,0
590673,0
590727,0
590948,0
591449,0
591563,0
591983,0
591996,0
592076,0
592401,0
592489,0
592615,0
593273,352
593316,0
593771,0
593862,0
593880,0
593921,0
593962,0
594166,0
595040,0
595451,0
595620,0
595663,0
595807,0
596214,0
596937,0
597223,0
597325,0
597725,0
597968,0
598126,0
598212,129
598538,0
599016,0
599541,0
599723,0
599830,0
599906,0
600077,0
600270,0
600791,0
600902,0
601146,0
601310,0
601347,0
601397,0
601428,0
601665,0
601727,0
601879,0
601982,0
602078,0
602110,0
602125,0
602185,0
602234,0
602631,0
602707,0
602748,0
602928,0
602966,0
603184,0
603512,0
604298,0
604313,0
604803,0
604863,0
605148,0
605295,0
605345,0
605553,28
605570,0
606113,1967
606230,0
606361,0
606437,0
606534,0
606573,0
606912,0
607161,0
607164,0
607284,0
607375,0
607896,0
608043,0
608422,0
609308,0
609401,0
609581,0
610319,0
610433,0
610678,0
610718,801
610793,0
610979,0
611042,0
611171,0
611368,0
611596,327
611668,0
611821,0
612016,0
612178,0
612243,0
612896,0
613155,0
613502,0
613605,0
613608,0
613661,0
613920,0
614011,0
614302,0
614311,0
614317,0
614429,0
614431,0
614458,0
614546,0
614550,0
614986,0
615136,0
615153,0
615172,0
615347,0
615623,0
615707,0
616232,0
616353,0
616750,0
616908,0
617847,0
617848,0
617857,0
618298,0
618316,0
618584,0
618797,0
618832,0
618843,0
618891,0
619074,0
619300,0
619644,0
620194,0
620405,0
620411,0
620459,0
620808,0
620841,0
620873,0
621124,0
621378,0
621567,0
621992,0
622058,0
622135,12
622249,0
622645,77
622648,0
622787,0
622804,0
623112,0
623131,0
623226,0
623313,0
623369,0
623382,0
623978,0
624628,0
624910,0
624949,0
625043,0
625329,0
625361,0
625432,0
625455,0
625514,0
625627,0
625697,0
625745,0
626029,0
626154,0
626213,0
626258,0
626456,0
626522,0
626587,0
626730,0
626749,0
627272,0
627275,175
627339,0
627416,0
627454,0
627555,0
627585,0
627826,0
628042,0
628228,0
628514,0
628698,0
629348,0
629952,0
629990,0
630025,0
630658,0
630929,0
630940,0
631038,0
631393,0
631906,0
632166,0
632502,0
632628,0
633117,0
633361,0
633447,0
633799,0
634256,0
634771,0
634836,0
635002,0
635125,0
635129,0
635332,0
635389,0
636019,0
636024,572
636226,80
636237,0
636263,0
636608,0
636989,0
637092,0
637371,0
637701,0
637708,0
637793,0
637949,0
638124,0
638391,0
638524,0
638829,0
639727,0
639801,0
639963,0
640045,153
640058,0
640090,0
640424,0
640497,0
640604,0
640887,0
641010,0
641026,0
641169,0
641346,0
641352,45
641366,0
641616,0
641766,0
641946,213
642374,0
642567,0
642679,0
642920,0
643625,0
643729,0
643740,0
644327,0
644376,0
644388,0
644526,0
644534,81
644599,0
644708,0
644789,0
644819,0
644876,0
644910,0
645398,0
645539,0
646050,0
646192,0
646196,0
646296,0
646544,0
646663,0
646665,0
646852,0
647101,0
647194,0
647272,0
647475,0
647810,0
647841,0
647990,0
648245,0
648341,0
648415,0
648953,0
648980,0
649470,0
649528,0
649687,0
649990,0
649991,0
649996,0
650040,0
650326,0
650613,0
650640,0
651375,0
651378,0
651603,0
652131,0
652270,0
652699,0
652764,0
652832,0
652931,0
653139,0
653381,0
653673,0
653689,0
653824,0
654046,0
654238,0
654323,0
654477,0
654484,0
654546,0
654856,0
654995,0
655234,0
655283,0
655290,0
655771,0
655974,0
656537,0
656614,135
656963,0
657441,0
657946,0
658629,0
658798,0
658959,0
659100,0
659426,0
659487,0
659597,0
659683,0
659733,0
659774,0
659899,0
660004,0
660194,0
660256,0
660398,0
660769,0
661135,0
661190,0
661533,0
661693,0
661990,0
662074,0
662227,0
662252,0
662372,0
662385,0
663358,0
663583,0
663894,0
663923,0
664368,0
664443,0
664579,0
665054,0
665245,0
665417,0
665856,0
666743,0
666828,0
666843,0
667212,0
667247,0
667358,0
667691,0
667931,0
667962,0
668569,0
668614,0
668634,0
669483,0
669653,0
670031,0
670194,0
670593,0
671169,0
671722,160
671748,0
671814,0
671977,0
672249,0
672789,0
672790,0
673230,0
673282,0
673286,0
673343,0
673353,0
673738,0
673764,0
673994,0
674003,0
674780,0
674908,0
675546,0
675774,0
675859,0
675906,0
675921,0
675963,0
675969,0
676040,0
676276,0
676567,0
676599,0
676726,0
676909,373
677190,0
677404,0
677425,0
677787,0
677913,0
678145,0
678196,0
678354,0
678431,0
679009,0
679101,0
679319,0
679777,125
679805,0
679913,0
680367,0
680553,0
680964,0
681323,0
681338,0
682102,0
683112,0
684135,0
684160,0
684310,0
684470,0
684484,0
684568,0
684895,0
685041,0
685540,0
685653,0
685717,0
685740,0
686030,0
686645,0
687083,0
687462,23
688004,0
688286,0
688561,0
689486,0
689497,0
689560,0
689843,0
690984,0
691560,0
691648,0
691947,0
692631,0
692814,0
692864,0
693417,0
693604,0
693795,0
693838,0
693977,0
693996,0
694432,0
694470,0
694626,0
694636,0
695033,0
695045,0
774111,0
774222,0
774821,0
774838,0
774852,0
775164,0
775191,0
775393,0
775599,0
775609,0
776225,0
776331,483
776747,0
777023,0
777157,0
777226,0
777279,0
777367,0
777891,0
778306,0
778499,0
778698,299
778709,0
779295,0
779809,0
779955,0
780080,0
780135,0
780306,0
780487,0
780586,2560
780675,0
781341,0
781386,0
781415,0
781440,801
781534,0
781546,0
781981,0
782347,0
782558,0
782571,0
782837,0
783066,0
783197,0
783650,0
783842,0
784577,165
784631,0
784926,0
785030,0
785121,0
785126,0
785259,0
785390,0
785742,0
785976,0
786166,0
786273,0
786358,5865
786499,0
786601,0
786842,0
786876,0
786957,0
787184,0
787254,0
787646,0
787916,0
787946,0
788160,0
788187,0
788320,0
788465,0
788580,0
788837,0
788972,0
789056,0
789338,0
789650,66
789779,0
789850,0
790110,0
790959,0
791123,231
791178,0
791315,0
791402,1259
791458,0
791876,0
792187,0
792287,0
792970,0
793077,0
793123,0
793142,0
793219,0
793242,0
793735,79
793753,0
793825,0
794051,0
794305,0
794441,0
794681,0
794694,0
795225,0
795274,0
795437,0
795470,0
795678,0
795689,0
795834,0
795940,0
796240,178
796253,0
796767,0
796858,0
796954,0
797270,0
797346,0
797455,0
797781,0
797789,0
797876,0
797967,0
798473,0
798505,0
798603,0
798608,0
798817,0
798877,0
798963,0
799070,0
799089,0
799212,0
799214,0
799658,0
799669,0
799678,0
799760,0
799781,0
800158,0
800170,0
800187,0
800383,0
800438,0
800500,0
800626,0
800651,0
801030,0
801480,0
801506,0
801542,0
802099,0
802165,0
802255,0
802626,0
802750,0
802914,0
803011,0
803012,0
803098,0
803295,0
803619,0
803705,0
803719,0
804032,0
804451,0
804483,0
805164,0
805300,0
805319,95
805325,0
805643,0
805906,0
806059,0
806187,0
806510,0
806540,0
806745,724
806897,0
807185,0
807199,0
807266,0
807277,0
807398,0
807543,0
807851,0
807888,173
808065,0
808142,0
808199,0
808291,0
808355,0
808485,0
808877,0
809325,0
809440,0
809484,0
809644,0
809681,0
809911,0
809961,0
810012,0
810087,0
810215,0
810533,0
810862,0
811245,0
811436,0
811495,0
811520,0
811555,0
811628,0
812018,0
812045,0
812215,0
812222,0
812415,244
812510,0
812772,0
812851,0
812937,0
813062,0
813156,0
813543,0
813591,0
813782,0
814089,0
814171,0
814260,0
814444,0
814817,12
814829,0
814850,0
814857,0
814882,0
814898,0
815023,0
815035,0
815065,0
815254,317
815436,0
815500,0
815983,0
816122,0
816350,0
816366,0
816427,0
816543,0
816792,0
816849,0
817164,0
817243,0
818063,0
818074,101
818977,0
819369,0
819426,0
819459,0
819718,0
819993,0
820147,0
820365,0
820388,0
820565,0
820602,0
820632,0
820664,415
820783,0
820909,0
820924,0
821038,1703
821053,0
821073,0
821097,0
821103,0
821808,0
821998,0
822357,0
822377,0
822467,0
822565,0
822646,0
822668,0
822696,0
822723,0
822727,0
823021,0
823036,0
823273,0
823284,0
823371,0
823830,0
823943,0
824003,0
824007,0
824299,0
824308,0
824492,0
824549,0
825027,0
825215,0
825240,0
825247,0
825333,0
825499,0
825658,0
825795,0
825828,0
825923,0
825999,0
826006,0
826008,0
826074,0
826174,0
826237,0
827020,0
827210,396
827285,0
827719,0
827765,0
827887,0
827956,0
828017,0
828101,0
828296,0
828329,0
828362,0
828390,0
828765,0
828941,0
828964,0
829742,64
830837,0
830853,0
831082,0
831156,0
831668,0
831794,0
831896,0
831966,0
831974,0
832018,0
832217,0
832430,0
832722,0
832787,0
832981,0
833143,0
833199,0
833249,0
833452,69
833659,0
833788,0
834010,0
834028,0
834054,0
834094,0
834222,0
834269,643
834520,0
834886,0
835806,0
835827,0
835916,0
836537,0
836672,0
837140,0
837375,0
837502,0
837553,0
837562,0
837639,0
837893,0
838038,0
838292,0
838523,0
838701,0
839149,0
839781,0
840650,0
840661,0
841058,0
841166,0
841199,0
841502,0
841557,0
841591,0
841668,0
841671,0
842156,0
842301,0
842514,0
842626,0
843067,0
843358,0
843811,0
843845,314
844001,0
844045,0
844082,0
844326,0
844858,0
844988,0
845192,0
845825,0
846120,0
846325,0
846613,1206
846836,0
846857,0
847000,87
847402,0
847417,0
847420,0
847598,0
847677,0
847700,0
848637,0
848643,0
849084,0
849614,0
849709,0
850604,0
850690,0
850753,0
851530,0
851611,0
851796,0
852065,0
852131,0
852150,0
852162,0
852422,0
852440,0
852461,0
852575,0
852582,0
853406,1640
853715,0
853925,0
853943,0
854114,0
854291,0
854382,0
854439,0
854477,0
854498,0
854682,0
855155,0
855310,0
855327,0
855520,0
855586,0
855920,0
856082,0
856255,0
856257,0
856276,0
856302,0
856325,0
856748,0
857288,0
857340,385
857449,0
857512,0
857775,411
857842,0
857846,0
857908,0
857965,0
857969,0
857999,0
858034,0
858683,0
858714,120
858760,0
858829,0
858989,0
859019,0
859077,0
859463,0
859543,0
859580,0
859665,0
859706,0
859923,0
860083,511
860202,0
860267,0
860269,0
860545,0
860598,0
860605,0
860645,0
861033,0
861172,0
861242,0
861396,0
861792,0
861924,0
862233,0
862708,0
862841,0
862922,0
863155,0
863200,0
863306,0
863376,0
863411,0
863430,0
863441,0
863508,0
863573,0
863578,0
863886,0
863984,0
864277,0
864295,0
864621,0
864667,0
864720,0
864977,33
864979,0
865014,0
865068,0
865069,0
865080,0
865178,0
865303,0
865576,0
865686,31
866091,0
866109,0
866623,0
866742,0
867081,0
867086,0
867103,0
867152,0
867416,0
867503,0
867719,0
867889,0
867918,0
867990,0
868299,0
868653,0
868908,0
868966,0
869005,0
869102,0
869463,0
869546,0
870036,0
870123,0
870369,0
870589,0
870920,0
871560,0
871568,0
871649,0
871682,398
871869,0
871900,0
871944,0
872185,0
872252,0
872291,0
872565,0
872975,0
873213,0
873523,0
873627,0
873718,0
873774,0
873939,0
874275,0
874587,0
874742,0
874775,0
874988,0
875108,0
875479,0
875502,0
875544,0
875694,0
875715,112
875835,0
875862,0
876325,0
876338,0
877231,0
877368,0
877409,256
877756,0
877786,0
877939,0
878077,0
878256,0
878324,0
878619,0
878682,0
878820,0
879088,0
879356,0
879387,0
879496,0
879742,0
880063,0
880195,0
880215,0
880435,0
880590,0
880783,0
880835,0
880939,0
881000,0
881221,0
881274,0
881416,0
881842,0
882050,0
882431,0
882435,0
882442,0
882552,0
882612,0
883046,0
883104,0
883498,0
883889,0
884006,0
884024,0
884307,0
884929,0
885029,0
885154,0
885630,0
885962,0
886086,0
886572,0
886576,0
886723,0
886945,0
887031,0
887066,0
887482,0
887657,0
887665,0
887889,0
888040,0
888301,0
889140,0
889310,0
889480,0
889498,0
889539,0
889569,0
889827,0
889847,0
890112,0
890712,0
891047,0
891289,0
891468,0
891506,0
892089,0
892189,0
892801,0
892895,0
893373,0
894281,0
894480,0
894719,816
894755,0
895119,0
895295,0
895640,0
895697,0
895708,0
895913,113
896142,0
896222,0
896265,0
896543,0
896617,0
896890,0
897118,0
897171,4141
897377,0
897421,0
897443,0
897707,0
897714,0
897971,0
897992,0
898467,0
898662,0
898975,0
899077,0
899472,0
899540,41
899562,0
899699,0
899840,0
900322,0
900360,0
900462,0
900538,0
900847,0
901022,0
901059,0
901075,0
901185,0
901250,0
901408,0
901423,929
901643,0
901750,0
901851,0
901912,0
902092,0
902382,0
902521,0
902533,0
902586,0
903099,0
903203,0
903232,0
903233,0
903251,0
903258,0
903386,0
903594,0
903686,0
903700,0
903785,0
903891,0
903938,0
904040,0
904513,0
904592,0
904639,0
904806,0
905108,0
905166,0
905459,0
905468,0
905508,0
905555,50
905659,0
906010,0
906157,0
906455,0
906557,0
906607,0
906706,0
907205,0
907485,0
907724,0
907813,0
907988,0
908544,0
908618,0
908954,0
908958,0
909093,0
909272,0
909655,0
909707,0
909762,0
909779,0
910177,0
910200,0
910339,0
910369,0
910388,0
910436,187
910609,0
910836,0
910859,0
911152,0
911322,0
911493,0
911509,0
911528,0
911537,0
911555,0
911844,0
911933,0
912030,0
912296,0
912615,0
912669,0
913019,0
913052,0
913242,0
913596,0
913616,0
913705,0
913997,0
914178,0
914216,0
914289,0
914312,0
914695,0
914815,0
914823,0
915017,0
915415,0
915509,0
915629,0
915737,0
916319,0
917242,329
917412,0
917575,72
917658,0
917907,0
918265,0
918398,0
918601,0
918986,0
919038,0
919549,0
919677,0
919770,0
919878,0
920134,0
920139,0
920140,0
920312,0
920392,0
920518,0
920584,0
920702,0
920862,0
921333,0
921448,159
921453,0
921544,0
921566,0
921570,0
921789,0
921833,16
921841,0
922013,0
922149,0
922401,0
922494,0
922927,0
922998,0
923084,715
923092,0
923315,0
923393,0
923427,0
923438,0
923633,0
923650,0
923685,0
923775,0
923779,0
923798,0
923926,0
923985,0
924248,0
924303,0
924562,0
924564,0
924910,0
924995,0
925074,83
925155,137
925298,0
925474,0
925540,0
925742,360
925932,0
925936,0
926070,0
926169,0
926483,0
926592,0
926774,0
926977,226
927042,0
927078,0
927647,0
927955,0
928128,0
928296,0
928381,0
928452,0
928529,0
928949,0
928958,0
929619,0
929861,168
930154,0
930426,0
931462,0
931509,0
931757,0
932258,0
932720,696
933271,0
933341,0
933458,0
933490,0
933495,0
933502,0
933579,0
933600,0
933775,0
933827,0
933831,0
934199,0
934227,0
934468,0
934513,0
934527,0
934588,0
934629,0
934824,0
935105,0
935115,0
935164,0
935427,0
935429,0
935677,0
935690,0
935941,0
936198,0
936264,0
936404,2274
936437,0
936454,0
936494,0
936642,0
936792,0
936879,0
937092,0
937193,0
937408,0
937472,0
937580,0
937847,0
937993,0
938095,0
938115,0
938148,0
938160,0
938276,0
938487,0
938682,0
938717,0
939019,0
939091,0
939110,0
939262,0
939329,0
939352,0
939414,159
939496,713
939817,0
939928,0
940095,0
940123,7
940174,0
940207,0
940339,0
940464,0
940574,46
940583,0
940611,0
940857,0
940941,0
941006,0
941121,0
941200,0
941354,0
941378,0
941487,0
941525,0
942244,191
942441,0
942631,0
942711,0
942754,0
943212,0
943222,0
943251,197
943331,0
943394,0
943502,0
943621,0
943629,0
943756,0
943924,0
943998,0
944752,0
944814,0
945034,0
945675,0
945824,0
945849,0
945860,0
946146,0
946309,29
946822,0
946862,0
946911,36
947056,0
947064,0
947087,0
947282,0
947335,0
947388,1252
947745,0
947774,392
947790,0
948055,0
948212,0
948228,0
948243,0
948436,0
948498,0
948803,0
948804,0
948824,0
948863,0
948905,0
948938,0
949007,0
949071,0
949174,0
949362,0
949436,0
949763,0
949842,0
949843,0
949885,0
949907,0
949946,0
950297,0
950301,136
950511,0
950607,0
950680,0
950728,0
950958,0
950971,0
951045,0
951258,0
951412,0
951417,0
951447,0
951508,0
951532,0
951560,0
951572,0
951617,0
951725,0
951902,0
951977,0
951993,0
951999,0
952111,0
952185,0
952280,0
952640,0
952646,0
952664,0
952751,0
952870,0
952920,0
953087,0
953236,0
953263,0
953291,0
953326,0
953392,0
953671,0
953963,0
954012,0
954016,0
954149,0
954285,0
954349,0
954435,0
954501,0
954655,0
954848,0
955190,0
955282,0
955385,0
955538,0
955758,0
955825,0
955846,0
956400,0
956548,0
956562,0
956694,0
956913,0
956958,0
957116,0
957303,0
957409,0
957535,0
957589,0
957704,0
957705,0
957737,0
957806,0
957862,0
957963,0
958000,0
958221,0
958339,0
958383,0
958568,0
958583,0
958590,0
958600,0
958723,0
958915,0
958960,0
959117,0
959128,0
959587,0
959748,0
959901,0
959938,0
960063,0
960434,0
960464,0
960482,0
960699,0
960782,0
960981,0
961228,0
961264,0
961330,0
961432,0
961445,0
961679,0
961789,0
961825,0
961927,0
961989,0
962242,0
962437,0
962783,0
962860,0
962922,0
963117,0
963165,0
963187,0
963203,1349
963214,0
963224,0
963242,0
963307,0
963373,0
963457,0
963555,0
963873,0
963892,0
964028,0
964064,0
964421,0
964532,0
964648,0
964724,0
964869,0
964899,0
965145,0
965148,0
965281,0
965639,0
965688,0
966261,0
966373,0
966515,0
966869,0
966943,0
966975,0
966980,0
967013,0
967146,0
967166,0
967405,0
967502,0
967538,0
968354,0
968407,0
968479,0
968524,0
968720,0
968899,0
969248,0
969268,0
969304,0
969414,0
969480,0
969516,0
969783,0
969799,0
969802,0
969852,945
969970,0
969990,0
970018,0
970346,0
970378,0
970816,0
971173,0
971445,0
971472,249
971845,0
972341,0
972661,0
972917,0
973110,0
973173,0
973224,0
973231,0
973296,0
973386,0
973656,0
973732,0
973746,0
973856,0
974084,0
974211,0
974218,0
974307,0
974365,0
974432,0
974711,0
974724,0
974776,0
974887,0
974961,0
974991,0
975010,0
975026,0
975198,0
975225,0
975316,0
975323,0
975337,0
975389,0
975541,0
975787,0
975831,0
976190,0
976264,0
976323,0
976475,0
976609,0
976834,0
977074,0
977300,0
977350,0
977466,0
977628,0
977782,0
977935,0
978023,0
978224,0
978359,0
978687,0
978695,0
978726,0
979096,0
979760,0
979776,0
980179,0
980916,0
980923,375
981357,0
981565,0
981773,0
981864,0
982039,0
982444,0
982689,0
982740,0
982749,0
982918,0
983121,0
983123,0
983365,0
983503,0
983522,0
983758,0
983767,0
984137,0
984142,0
984147,0
984202,0
984447,0
984462,0
984866,0
985045,0
985126,621
985141,0
985335,0
985430,0
985479,0
985532,0
986026,0
986033,341
986125,0
986224,0
986396,0
986679,0
986753,0
986872,0
986942,0
987149,0
987403,0
987454,0
987467,1232
988150,78
988295,0
988432,0
988534,0
988725,0
988913,0
988966,0
989204,0
989441,0
989485,129
989581,0
989717,0
989897,0
989936,0
990230,0
990360,0
990526,0
990574,0
990664,0
990940,0
991177,0
991185,0
991622,0
991729,0
991824,0
992142,0
992263,1470
992378,0
992716,0
992749,0
992850,0
992917,0
993008,0
993333,0
993510,0
993533,0
993550,0
993559,0
993817,0
994275,0
994527,0
994596,0
994787,0
994813,0
994819,0
994934,0
994975,0
995070,0
995283,0
995422,0
995682,0
995776,0
995799,0
995949,0
995993,112
996133,0
996285,0
996291,0
996304,0
996428,0
996461,1452
996475,0
996520,0
996659,0
996721,0
996827,0
996971,0
997159,0
997334,0
997429,0
997652,0
997836,0
997983,0
998268,0
998304,0
998507,0
998571,0
998725,0
998840,0
998947,0
999025,0
999240,0
999323,0
999490,0
999573,0
999682,0
999960,0
1000439,0
1000440,0
1000671,0
1000724,0
1000736,0
1000776,0
1001004,0
1001209,0
1001243,0
1001309,0
1001412,0
1001651,0
1001682,0
1001864,0
1002029,0
1002170,0
1002262,0
1002305,0
1002442,0
1002557,0
1002958,0
1003169,0
1003362,0
1003376,0
1003404,0
1003846,0
1003909,0
1004168,0
1004378,0
1004450,0
1004458,0
1004534,0
1005082,0
1005999,0
1006251,0
1007151,0
1007159,0
1007175,0
1007198,0
1007260,0
1007485,2446
1008359,0
1008383,0
1008522,0
1008654,0
1008664,0
1008748,0
1009098,0
1009144,0
1009786,0
1009870,0
1009907,0
1010133,61
1010169,27
1010257,0
1010284,0
1010429,0
1010487,0
1010704,0
1010889,0
1010946,0
1011067,0
1011172,0
1011639,0
1011693,0
1011802,0
1011942,0
1012210,0
1012277,0
1012301,0
1012423,0
1012692,0
1012718,0
1012727,0
1013372,0
1013402,0
1013536,0
1013570,0
1013574,0
1013577,0
1014032,0
1014189,0
1014294,0
1014315,0
1014513,0
1014636,0
1014772,0
1014988,0
1015092,0
1015110,0
1015365,0
1015476,0
1015543,0
1015553,0
1015749,0
1015901,13
1016113,0
1016293,0
1016703,0
1016739,0
1016855,0
1016986,0
1016994,0
1017092,0
1017332,0
1017434,0
1017474,0
1017494,0
1017701,0
1017719,0
1017741,0
1017853,0
1017975,0
1017992,0
1018535,0
1018769,0
1018824,0
1019087,0
1019271,0
1019478,93
1019590,0
1019723,0
1019892,0
1019974,0
1020254,0
1020319,0
1020424,0
1020504,0
1020547,0
1020788,0
1021086,0
1021732,0
1022297,0
1022314,0
1022491,0
1022529,0
1022988,0
1023155,0
1023511,0
1023554,0
1023642,0
1023675,0
1023827,0
1023828,0
1024039,0
1024390,0
1024548,0
1024672,0
1025008,0
1025213,0
1025234,0
1026078,0
1026270,0
1026507,0
1026524,0
1026602,0
1026692,0
1026738,0
1026778,0
1027166,0
1027175,0
1027176,0
1027763,0
1028185,0
1028261,148
1028398,0
1028422,0
1028537,0
1028808,0
1028840,0
1028865,19
1028882,27
1028887,0
1029010,0
1029014,0
1029506,0
1029683,0
1029918,0
1029930,0
1030019,0
1030072,0
1030494,0
1030713,0
1030835,108
1031351,0
1031567,0
1031691,0
1032135,0
1032213,0
1032297,0
1032312,0
1032316,0
1032442,0
1032475,0
1032478,711
1032656,0
1032666,0
1032688,0
1032700,0
1032827,0
1032877,0
1032965,0
1033111,0
1033350,0
1033432,0
1033435,0
1033637,375
1033751,0
1034069,0
1034269,0
1034456,0
1034500,60
1034659,0
1034682,0
1034941,0
1035247,0
1035373,0
1035462,0
1035473,0
1035578,0
1035588,0
1036000,0
1036076,0
1036085,0
1036140,0
1036492,0
1036493,0
1036714,0
1036716,0
1036789,0
1036960,0
1037014,0
1037091,0
1037093,0
1037146,0
1037319,0
1037573,0
1037608,0
1037623,0
1037795,0
1037903,0
1037907,0
1037947,230
1037982,0
1038075,0
1038310,0
1038945,0
1038957,0
1039224,223
1039264,0
1039332,0
1039349,0
1039373,0
1039497,0
1039520,0
1039859,0
1040257,0
1040291,0
1040575,0
1040836,0
1040889,0
1040910,0
1040969,0
1041031,0
1041288,0
1041454,7
1041533,0
1041610,0
1041827,0
1042051,0
1042368,0
1042547,0
1042779,274
1042893,0
1042909,0
1043156,0
1043531,0
1043593,0
1043928,0
1044079,14
1044159,0
1044236,0
1044364,0
1044794,0
1044947,0
1045067,0
1045080,0
1045164,0
1045274,0
1045315,0
1045471,0
1045611,0
1045666,0
1045687,0
1046215,0
1046266,0
1046464,0
1046545,0
1046628,0
1046665,0
1046742,0
1046774,0
1047143,128
1047526,0
1047559,0
1047952,0
1048058,0
1048125,0
1048185,0
1048279,0
1048411,0
1048449,0
1048461,0
1048503,0
1048688,0
1048851,0
1049054,0
1049093,0
1049260,0
1049337,0
1049375,0
1049890,0
1050015,0
1050213,0
1050401,0
1050683,105
1050701,0
1050780,0
1050864,0
1050987,0
1051049,227
1051153,0
1051179,0
1051296,0
1051968,0
1052022,0
1052067,0
1052324,0
1052374,0
1052432,200
1052434,0
1052751,0
1053399,0
1053440,0
1053537,0
1054155,0
1054198,0
1054262,0
1054343,147
1054490,0
1054637,0
1054734,0
1054749,0
1054895,0
1054912,0
1055032,0
1055315,0
1055565,0
1055699,0
1055804,0
1055823,0
1056070,0
1056386,0
1056414,0
1056457,0
1056509,0
1056558,0
1056757,0
1057305,0
1057386,0
1057475,0
1057589,0
1057928,0
1057951,0
1058499,0
1058530,0
1058549,0
1059013,0
1059106,0
1059157,0
1059220,0
1059290,0
1059304,0
1059395,0
1059550,0
1059607,40
1059724,0
1060128,0
1060271,0
1060436,0
1060476,0
1060535,0
1060542,0
1060600,0
1060878,0
1061825,0
1062145,0
1062244,0
1062397,0
1062477,0
1062777,0
1062954,0
1062966,160
1062996,0
1063022,1371
1063215,0
1063258,0
1063316,0
1063320,0
1063323,0
1063488,0
1063559,116
1063593,0
1064222,0
1064583,0
1064592,0
1064677,0
1064881,0
1064965,0
1065052,0
1065543,0
1065661,0
1065740,0
1065909,0
1065941,0
1066321,0
1066328,0
1066630,0
1066774,0
1066983,0
1067033,0
1067230,0
1067281,0
1067599,0
1067620,0
1067632,0
1067742,0
1067887,0
1068103,0
1068325,0
1068342,104
1068656,0
1068854,0
1068907,820
1068930,276
1069076,0
1069150,0
1069255,0
1069412,0
1069421,0
1069554,0
1069780,0
1069876,0
1070157,0
1070245,0
1070290,0
1070458,0
1070517,0
1070614,0
1070679,0
1070738,0
1070808,0
1070849,0
1070891,0
1071032,0
1071122,0
1071191,0
1071243,0
1071798,0
1072031,0
1072036,0
1072343,0
1072435,0
1072711,0
1072949,0
1072993,0
1073090,0
1073333,0
1073537,0
1073773,0
1074503,0
1074614,0
1074665,0
1074761,0
1075022,0
1075362,0
1075415,0
1075861,0
1076018,308
1076024,0
1076072,0
1076193,0
1076313,0
1076443,0
1076535,0
1076585,0
1076872,0
1077334,0
1077431,0
1077750,0
1077804,0
1077813,6351
1078189,0
1078222,0
1079070,0
1079349,0
1079774,0
1080047,980
1080067,0
1080340,0
1080681,0
1081017,0
1081043,0
1081382,0
1081475,0
1081722,0
1081956,0
1082048,0
1082139,0
1082155,0
1082201,0
1082529,0
1082642,0
1082704,0
1082730,0
1082761,0
1082797,0
1083175,0
1083241,0
1083305,60
1083454,0
1083463,0
1083514,867
1083540,0
1083662,0
1083895,0
1084193,0
1084389,0
1084582,0
1084718,0
1085027,0
1085110,0
1085142,0
1085207,0
1085401,0
1085832,0
1086089,127
1086354,0
1086508,0
1086566,0
1086691,0
1087074,0
1087115,0
1087170,175
1087304,0
1087633,0
1087925,0
1088086,0
1088175,0
1088324,0
1088706,0
1088806,0
1089193,0
1089475,0
1089761,0
1089925,0
1090278,0
1090367,0
1090408,0
1090793,0
1090938,0
1091037,0
1091054,0
1091112,0
1091526,0
1091570,0
1092215,0
1092533,0
1092579,0
1092835,0
1092946,129
1093189,0
1093252,0
1093870,0
1094291,0
1094470,0
1094476,0
1094800,0
1094825,0
1094856,0
1095268,0
1095790,0
1095959,0
1096121,0
1096178,0
1096307,0
1096323,0
1096360,0
1096923,0
1096941,0
1096968,0
1097230,0
1097332,0
1097380,0
1097554,0
1097585,0
1097641,0
1097654,0
1097677,0
1097798,0
1097866,0
1098230,0
1098595,0
1098784,0
1098877,0
1098923,0
1098983,0
1099082,0
1099251,0
1099359,0
1099379,0
1099445,0
1099666,428
1100724,0
1100874,0
1101014,0
1101047,0
1101093,0
1101315,0
1101326,0
1101493,0
1101514,0
1101595,0
1101625,0
1101914,0
1102267,0
1102287,0
1102297,0
1102305,0
1102477,0
1102496,0
1102840,0
1103206,0
1103307,0
1103391,0
1103414,0
1103415,0
1103497,0
1103562,0
1103636,0
1103866,0
1104045,0
1104265,0
1104583,0
1104650,0
1104991,0
1105117,0
1105214,0
1105567,0
1105702,0
1105920,0
1105952,382
1106086,0
1106220,0
1106443,0
1106491,0
1106549,0
1106582,0
1106631,430
1106870,0
1107051,0
1107242,0
1107269,0
1107597,117
1107614,0
1108256,0
1108269,0
1108458,0
1108706,0
1108860,0
1109216,0
1109407,0
1109478,0
1109548,0
1110278,0
1110408,0
1110452,0
1110779,0
1110931,0
1111106,0
1111189,0
1111280,0
1111436,27
1111450,0
1111463,0
1111677,703
1111708,0
1111748,0
1112011,0
1112070,0
1112255,806
1112267,0
1112289,0
1112292,0
1112299,0
1112300,0
1113153,0
1113307,0
1113788,0
1114681,0
1114736,0
1114792,0
1114840,0
1114898,0
1115142,0
1115154,0
1115198,0
1115299,0
1115416,0
1115496,0
1115576,0
1116108,0
1116654,0
1116685,0
1116723,0
1116911,92
1117021,0
1117158,0
1117253,0
1117551,0
1117643,0
1118266,0
1118282,0
1118573,0
1118666,0
1118711,0
1119202,0
1119270,0
1119502,0
1119520,0
1119794,0
1119840,0
1119888,0
1120017,0
1120070,0
1120352,0
1120404,0
1120509,0
1120626,0
1120749,0
1120924,0
1120953,0
1121016,0
1121196,0
1121506,0
1121545,0
1121569,0
1121603,0
1121731,0
1121877,0
1122000,0
1122218,0
1122350,0
1122493,0
1122588,0
1122754,0
1122806,739
1123384,0
1123495,0
1123809,0
1123832,0
1124214,0
1124292,0
1124384,0
1124521,0
1124653,0
1124702,0
1124761,0
1124826,0
1125199,0
1125250,0
1125467,0
1125586,226
1125616,0
1125688,0
1125806,0
1125856,0
1126063,0
1126084,0
1126151,0
1126173,0
1126198,0
1126264,0
1126503,0
1126720,0
1126871,0
1127110,0
1127130,0
1127181,0
1127294,0
1127880,0
1128220,0
1128462,0
1128815,0
1128839,0
1128866,0
1128947,0
1128965,0
1129185,0
1129307,0
1129428,0
1129561,0
1129613,0
1129832,0
1129888,0
1130434,0
1130502,0
1130615,0
1130651,0
1130895,0
1130919,0
1131040,0
1131347,0
1131595,0
1131608,0
1131635,0
1131636,0
1132132,0
1132259,0
1132324,0
1132367,26
1132381,0
1132687,0
1132745,0
1132981,0
1133020,0
1133083,0
1133131,0
1133160,0
1133364,0
1133490,0
1133656,0
1133953,0
1134080,0
1134273,0
1134436,0
1134462,0
1134585,0
1134594,0
1134623,0
1134625,0
1135005,0
1135588,0
1135788,0
1135919,0
1136046,0
1136172,0
1136400,0
1136648,0
1136671,0
1136717,0
1136849,0
1136885,0
1136887,0
1137059,0
1137131,0
1137301,0
1137583,0
1137723,0
1137961,0
1138130,0
1138283,0
1138817,0
1139093,0
1139153,0
1139204,0
1139300,0
1139408,0
1139534,0
1139555,0
1139613,0
1139631,0
1140104,0
1140174,0
1140304,0
1140455,0
1140509,0
1140860,82
1140918,0
1141003,0
1141578,0
1141633,0
1142802,0
1142838,0
1142870,0
1143004,0
1143098,0
1143108,0
1143260,0
1143300,0
1143776,0
1143855,0
1143950,0
1144443,0
1144500,0
1144535,0
1144551,0
1144609,0
1144695,0
1144701,0
1145100,0
1145197,0
1145597,0
1145834,0
1146118,0
1146458,0
1146921,0
1146965,0
1147101,0
1147102,0
1147768,0
1147814,0
1148033,0
1148084,0
1148228,0
1148277,0
1148504,0
1148645,0
1148775,0
1148828,0
1148834,0
1148945,0
1149270,0
1149523,0
1149666,0
1150031,0
1150340,0
1150426,0
1150512,0
1150567,0
1150751,0
1151049,0
1151073,1801
1151179,0
1151241,0
1151319,0
1151481,0
1151629,0
1151648,0
1151750,0
1151778,0
1152068,0
1152131,0
1152136,0
1152221,0
1152243,0
1152339,0
1152564,0
1152703,0
1152845,256
1152899,0
1152908,0
1153263,0
1153395,0
1153408,0
1153482,0
1153508,0
1153560,0
1153593,0
1153598,0
1153603,0
1153883,0
1153907,0
1153930,0
1153956,0
1153979,0
1154521,0
1154874,0
1154922,0
1155032,0
1155083,0
1155152,0
1155172,0
1155186,0
1155229,0
1155277,0
1155312,0
1155459,0
1155592,0
1155863,0
1156509,0
1156538,0
1156626,0
1156651,0
1156673,0
1156733,0
1156756,0
1156810,0
1156812,0
1156866,0
1156974,0
1157044,0
1157188,0
1157278,0
1157889,0
1158126,0
1158684,0
1158696,0
1159385,0
1159688,0
1159885,0
1160091,0
1160261,0
1160795,0
1160867,0
1160907,0
1160983,0
1161098,0
1161389,0
1161440,0
1161572,0
1161629,0
1161745,0
1161786,0
1161962,0
1162044,0
1162061,0
1162215,0
1162487,0
1162542,0
1162631,0
1162877,0
1163156,0
1163233,0
1163259,0
1163413,0
1163610,0
1163631,0
1163669,0
1164164,0
1164414,0
1164545,0
1164687,0
1164753,0
1164805,0
1164850,0
1165002,0
1165056,0
1165359,0
1165489,0
1165594,0
1165735,0
1165999,0
1166571,0
1166622,0
1166653,0
1166818,0
1166971,0
1167203,0
1167430,0
1167635,0
1167770,0
1167824,0
1167829,0
1167879,0
1168076,0
1168252,0
1168479,0
1168565,0
1168623,0
1168629,0
1168783,0
1168872,0
1168926,0
1169042,0
1169089,0
1169093,0
1169132,0
1169159,0
1169802,0
1169848,0
1169964,0
1169967,0
1170081,0
1170167,0
1170471,744
1170490,0
1170498,0
1170507,0
1170537,0
1170857,0
1170998,0
1171013,0
1171020,0
1171343,0
1171382,0
1171854,0
1172217,0
1172264,0
1172348,0
1172503,0
1172567,0
1172623,0
1172745,0
1172877,0
1173106,0
1173128,0
1173136,0
1173436,0
1173528,0
1173629,0
1173657,0
1173725,0
1173878,0
1173950,196
1173996,0
1174085,0
1174142,0
1174455,0
1174610,0
1174634,0
1174719,0
1175002,0
1175018,0
1175134,0
1175286,0
1175331,0
1175405,0
1175663,0
1175944,0
1176247,0
1176704,0
1176731,0
1176738,0
1176743,0
1176837,0
1176858,0
1176897,0
1177091,0
1177489,0
1177538,0
1177859,0
1177888,0
1178440,0
1178541,0
1178726,0
1178857,0
1178863,0
1178973,0
1179275,0
1179382,0
1179635,0
1179666,0
1179741,0
1180025,0
1180052,0
1180731,0
1180974,0
1180990,0
1181174,0
1181501,0
1181516,0
1181791,0
1181815,0
1182061,0
1182123,0
1182222,0
1182240,0
1182256,0
1182279,0
1182580,0
1182831,0
1182926,0
1182937,0
1183288,0
1183576,0
1183826,0
1183953,84
1184005,0
1184017,0
1184731,0
1184756,0
1184913,0
1185302,0
1185426,0
1185551,0
1186248,0
1186403,0
1186446,0
1186757,0
1186808,0
1187005,0
1187805,0
1188134,0
1188519,0
1188563,0
1188778,0
1189045,0
1189113,0
1189173,0
1189260,0
1189569,0
1189768,0
1189943,0
1190084,0
1190367,0
1190528,0
1190724,0
1191052,0
1191150,0
1191181,0
1191197,0
1191266,0
1191414,0
1191493,0
1191692,0
1191707,0
1191828,0
1191888,0
1192178,0
1192262,0
1192599,0
1192603,0
1192786,0
1192954,0
1193058,0
1193194,0
1193364,0
1193385,0
1193456,0
1193619,0
1193745,0
1193843,0
1193914,0
1193945,0
1194091,0
1194137,0
1194159,0
1194175,0
1194190,0
1194300,0
1194314,0
1194700,0
1194745,0
1194746,0
1195340,0
1195366,0
1195484,0
1195589,61
1195596,0
1196003,0
1196402,0
1196576,63
1196976,0
1197014,0
1197106,0
1197409,0
1197593,0
1198498,0
1198572,0
1198590,0
1198695,0
1198721,0
1198761,0
1198769,267
1199384,0
1199635,0
1199725,0
1199799,169
1199896,0
1199902,0
1199991,0
1200177,0
1200178,0
1200331,0
1200369,0
1200396,0
1200417,0
1200426,0
1200567,0
1201101,0
1201143,0
1201162,0
1201401,0
1201591,0
1202154,0
1202506,0
1202677,0
1202730,0
1202943,0
1203215,0
1203500,0
1203601,0
1203857,0
1203922,122
1204001,0
1204211,0
1204324,0
1204435,0
1204557,0
1204964,0
1204990,0
1205010,0
1205120,0
1205140,0
1205226,0
1205269,0
1205827,0
1205841,0
1206291,0
1206301,0
1206354,0
1206385,0
1206405,0
1206456,0
1206529,0
1206551,0
1206723,0
1206753,0
1206821,0
1206841,0
1206857,0
1206871,0
1206920,0
1207114,0
1207123,0
1207143,0
1207184,0
1207228,0
1207291,0
1207427,0
1207541,0
1207735,0
1207809,0
1207818,0
1207989,0
1208116,0
1208120,269
1208153,0
1208352,0
1208407,0
1208428,0
1208506,0
1208693,0
1208797,0
1208839,0
1208840,0
1209029,0
1209085,0
1209179,0
1209198,0
1209219,0
1209222,0
1209474,0
1209528,0
1209595,0
1209885,0
1209898,0
1209972,0
1210035,0
1210278,0
1210477,0
1210503,0
1210552,0
1210762,0
1210904,0
1210966,0
1210970,0
1210982,0
1211546,0
1211579,0
1211843,0
1211991,0
1212321,0
1212576,0
1212655,0
1212681,0
1212685,0
1212855,0
1212904,0
1213225,0
1213360,0
1213595,475
1213711,0
1213734,0
1213810,0
1213832,0
1214127,373
1214185,0
1214295,0
1214312,0
1214427,0
1214440,0
1214671,0
1214766,0
1214785,0
1215050,0
1215322,0
1215362,0
1215386,0
1215563,0
1215651,0
1215828,0
1215833,0
1216019,0
1216102,0
1216103,0
1216404,0
1216480,0
1216567,87
1598585,314
1598833,0
1598927,0
1599131,0
1599142,0
1599143,0
1599188,0
1599274,0
1599383,0
1599653,0
1599684,585
1599687,0
1599692,0
1599792,0
1600083,0
1600300,0
1600878,0
1601013,0
1601399,0
1601429,0
1601434,0
1601478,0
1601667,0
1602036,0
1602108,0
1602173,0
1602346,0
1602379,0
1602427,0
1602468,0
1602598,0
1602937,1105
1603192,0
1603267,0
1603525,0
1603527,0
1603565,0
1603567,0
1603613,0
1603618,0
1603929,0
1604077,0
1604381,0
1604443,0
1604554,0
1604967,0
1605146,0
1605332,0
1605362,0
1605475,253
1605693,0
1605710,0
1605733,0
1605770,0
1605781,0
1605903,0
1606674,0
1606744,0
1606829,0
1606880,80
1607313,0
1607353,0
1607447,0
1607520,0
1607956,0
1608065,0
1608152,0
1608205,0
1608209,0
1608233,0
1608347,0
1608619,0
1609391,0
1609534,0
1610239,0
1610594,0
1610695,0
1610829,0
1610870,0
1610983,0
1611075,186
1611229,0
1611288,0
1611919,0
1612212,0
1612331,0
1612387,0
1612435,0
1612458,0
1612754,0
1612880,0
1613059,0
1613127,0
1613304,0
1613463,0
1613788,110
1613894,0
1614138,0
1614182,63
1614498,0
1614632,0
1614699,73
1615043,0
1615112,0
1615208,0
1615503,0
1615769,0
1615795,0
1615852,0
1616286,0
1616301,0
1616331,0
1616343,0
1616504,0
1616544,0
1616608,0
1616626,0
1616675,0
1616899,0
1617021,0
1617176,0
1617287,0
1617299,0
1617384,0
1617429,41
1617703,0
1617750,0
1617759,0
1617760,0
1617875,0
1617942,0
1617971,0
1618331,0
1618466,0
1618509,0
1618762,0
1618774,0
1619540,0
1619882,0
1619908,0
1619942,0
1620135,0
1620443,0
1620578,0
1620635,0
1620712,0
1620895,0
1620975,0
1621211,0
1621229,0
1621276,0
1621464,0
1621559,0
1621679,0
1622344,0
1622394,0
1622809,265
1622927,0
1622962,0
1623023,0
1623065,0
1623889,0
1624214,0
1624348,0
1624571,0
1624684,0
1624733,0
1625073,0
1625095,0
1625196,0
1625384,0
1625412,0
1625497,0
1625570,0
1625580,0
1625764,0
1625925,0
1626065,0
1626201,0
1626358,0
1626782,0
1626914,0
1626969,0
1626985,0
1627076,0
1627140,138
1627256,0
1627402,0
1627422,0
1627762,0
1627807,0
1627925,0
1628204,0
1628341,902
1628609,0
1628680,0
1629159,289
1629297,0
1629479,0
1629551,0
1629725,0
1629981,0
1630038,0
1630069,0
1630085,0
1630117,0
1630132,79
1630135,0
1630151,0
1630226,0
1630370,0
1630391,0
1630396,0
1630475,0
1630537,0
1630553,0
1630669,0
1630804,0
1630884,0
1631607,0
1631694,0
1631819,0
1631865,0
1631907,0
1631911,0
1631987,0
1632024,0
1632059,0
1632114,0
1632266,0
1632358,1201
1632429,0
1632449,0
1632452,0
1632509,0
1632521,0
1633098,0
1633182,0
1633598,0
1633601,0
1633632,0
1633633,0
1633766,0
1633771,0
1633875,0
1634008,0
1634131,0
1634349,0
1634506,0
1634526,0
1634693,0
1634697,0
1635233,0
1635456,0
1636187,0
1636295,0
1636318,0
1636456,0
1636887,0
1637233,0
1637479,0
1637813,0
1637911,0
1638216,0
1638246,0
1638714,0
1638782,0
1639035,0
1639264,0
1640011,0
1640281,0
1640706,0
1641099,0
1641173,0
1641421,0
1641522,0
1641527,0
1641584,0
1641643,0
1641656,0
1641884,0
1641956,0
1642077,0
1642269,0
1642404,0
1642654,0
1642811,0
1642884,0
1643551,4
1643606,0
1643617,0
1643656,0
1643659,0
1643800,0
1643936,0
1644028,0
1644527,0
1644565,0
1644573,0
1645191,0
1645196,118
1645253,0
1645478,0
1645616,0
1645689,0
1646130,0
1646173,0
1646388,0
1646458,0
1646615,0
1646742,0
1646767,0
1646768,0
1646968,0
1647471,0
1647580,0
1647583,0
1647878,0
1648274,0
1648427,0
1648468,0
1648768,0
1648942,0
1648964,0
1649150,0
1649850,0
1650078,0
1650084,0
1650169,0
1650305,0
1650391,116
1650404,87
1650471,0
1650755,0
1650779,0
1650938,0
1651035,0
1651070,0
1651173,0
1651442,0
1651809,0
1651944,0
1651961,0
1652046,0
1652055,0
1652606,0
1652958,0
1653132,0
1653425,0
1654272,0
1654413,0
1654738,0
1654962,0
1655011,0
1655389,3
1655435,0
1655846,0
1656052,0
1656110,0
1656220,0
1656423,437
1656457,0
1656818,0
1656901,0
1657558,0
1657601,0
1658187,0
1658241,0
1658524,0
1658633,0
1658661,0
1659024,0
1659137,0
1659582,0
1659917,0
1659961,0
1660022,0
1660242,0
1660713,0
1660805,0
1660973,0
1661055,0
1661300,0
1661310,0
1661321,0
1661948,354
1662027,0
1662582,0
1663018,0
1663086,0
1663139,0
1663559,0
1663603,0
1663950,0
1664524,118
1664646,44
1664797,0
1664857,0
1665022,0
1665062,0
1665071,0
1665073,0
1665774,0
1665958,0
1665978,0
1666050,0
1666199,0
1666920,0
1666969,0
1667448,0
1667455,0
1668186,0
1668630,0
1668719,0
1669057,0
1669523,0
1669791,0
1670258,0
1670269,0
1670578,0
1670746,0
1670920,0
1670923,0
1671491,0
1671843,59
1671995,0
1672406,0
1672644,0
1672687,0
1672922,0
1673215,0
1673418,0
1673608,0
1673782,0
1674103,0
1674382,0
1674403,0
1674501,0
1674768,0
1674800,0
1674839,0
1674862,0
1675157,0
1675422,0
1675844,0
1675857,0
1675863,0
1676329,0
1676405,0
1676432,0
1676959,0
1677002,0
1677046,0
1677170,0
1677399,0
1677477,0
1677494,0
1677600,0
1677949,0
1678107,0
1678205,0
1678558,0
1678884,0
1678935,344
1678996,0
1679396,0
1679519,0
1679602,0
1679965,0
1680250,0
1680305,560
1680584,0
1680766,0
1681147,0
1681401,0
1681988,0
1681998,0
1682042,0
1682117,178
1682121,0
1682138,0
1682206,29
1682922,0
1683003,0
1683158,0
1683224,0
1683593,0
1683871,0
1684044,0
1684072,0
1684193,0
1684241,229
1684263,0
1684387,0
1684465,0
1684603,0
1684720,0
1684754,0
1684830,0
1684930,0
1685479,0
1685766,3009
1685822,0
1685916,0
1686004,0
1686030,0
1686197,0
1686263,0
1686394,0
1686808,0
1686817,0
1686836,0
1686838,0
1686929,0
1687160,0
1687301,0
1687433,0
1687647,0
1688261,0
1689416,0
1689527,0
1689616,0
1689842,0
1690082,0
1690343,0
1690629,0
1690708,12
1690746,0
1690763,19
1690809,0
1690841,0
1691034,0
1691118,0
1691144,0
1691175,0
1691376,0
1691583,0
1691902,0
1692380,0
1692457,0
1692517,0
1692583,0
1692842,0
1693096,0
1693199,0
1694407,0
1694578,0
1694679,0
1695109,0
1695271,0
1695316,0
1695428,0
1695645,0
1695996,0
1696004,0
1696101,86
1696219,0
1696594,0
1696813,0
1697580,0
1697736,0
1698316,1115
1698387,0
1698414,0
1698578,0
1698825,0
1698902,0
1699224,0
1699308,0
1699575,0
1699720,0
1699807,0
1699811,0
1699995,0
1700113,0
1700145,0
1700155,0
1700160,0
1700243,0
1700406,0
1700446,0
1700836,0
1701053,0
1701196,0
1701310,0
1701442,0
1701473,0
1701566,0
1701978,0
1701983,0
1702020,0
1702023,0
1702129,0
1702219,0
1702374,0
1702381,0
1702475,0
1702722,0
1703089,0
1703579,0
1703696,381
1703862,0
1704001,0
1704168,0
1704181,0
1704483,0
1704667,0
1704935,0
1705110,0
1705454,0
1705960,0
1705961,0
1706054,0
1706076,75
1706081,0
1706197,0
1706379,0
1706566,0
1706809,0
1706843,0
1706982,0
1707228,0
1707311,0
1707353,0
1707865,0
1708059,0
1708211,0
1708433,0
1708483,0
1708499,0
1708616,0
1708856,0
1709007,0
1710422,0
1710426,0
1710907,0
1711082,0
1711200,0
1711326,0
1711577,0
1711615,0
1711876,0
1711924,0
1711925,0
1712350,0
1712519,0
1712671,0
1712817,0
1712832,0
1712860,0
1713052,0
1713168,0
1713196,0
1713713,0
1713752,0
1714053,0
1714161,0
1714563,0
1714717,0
1714898,0
1714915,0
1715179,0
1715188,0
1715208,0
1715566,0
1715614,0
1715693,0
1716243,0
1716447,0
1716678,0
1716720,0
1716933,0
1722934,0
1722986,0
1723132,0
1723158,0
1723545,0
1723563,0
1723586,0
1723705,0
1723732,0
1723930,0
1724538,0
1724566,0
1724732,0
1724937,0
1725008,0
1725172,0
1725232,0
1725754,0
1725953,38
1726676,0
1726687,1063
1726707,0
1726865,0
1726936,0
1727082,0
1727477,0
1727614,0
1727667,0
1727716,0
1727800,0
1727864,0
1728235,0
1728561,0
1728814,0
1728943,0
1729000,0
1729224,0
1729378,0
1729628,0
1729737,0
1729820,0
1730367,0
1730404,0
1730539,0
1730696,594
1730718,0
1730898,0
1731533,0
1731537,0
1731681,0
1731766,0
1732381,0
1732641,0
1733299,0
1733473,0
1733709,0
1733978,0
1734141,0
1734221,0
1734233,0
1734909,0
1734964,0
1735081,0
1735114,0
1735430,141
1735575,0
1735867,0
1736020,0
1736163,0
1736656,0
1736962,0
1737398,0
1737554,0
1737779,0
1737780,0
1737935,0
1737955,0
1738068,0
1738095,856
1738112,0
1738121,0
1738240,0
1738476,0
1738591,0
1738778,0
1738894,0
1739335,0
1739573,0
1739871,0
1740009,0
1740019,0
1740041,0
1740051,0
1740073,0
1740237,0
1740544,0
1740695,0
1740798,0
1741207,0
1741305,0
1741425,0
1741645,0
1741747,0
1742192,0
1742725,0
1743428,0
1743953,0
1744444,0
1744454,0
1744662,0
1744951,0
1745312,0
1745387,0
1745526,0
1745579,0
1745803,0
1746150,0
1746157,0
1746222,0
1746422,0
1746433,0
1746490,0
1746501,0
1746758,0
1746955,0
1746982,0
1747045,0
1747099,0
1747324,0
1747346,0
1747419,0
1747499,0
1747552,0
1747616,0
1747791,0
1747793,0
1747876,0
1747949,0
1748028,0
1748245,0
1748312,0
1748648,0
1748820,0
1749047,0
1749118,0
1749464,0
1750198,0
1750520,0
1751941,0
1751984,0
1752406,0
1752508,0
1752579,0
1752684,0
1753017,0
1753165,0
1753209,0
1753547,0
1753600,0
1753630,0
1753828,0
1754206,0
1754291,0
1754296,0
1754437,0
1754838,0
1755316,0
1755343,0
1755494,0
1755751,0
1755759,2945
1755831,0
1756662,0
1756750,0
1756755,0
1756776,0
1756797,0
1756818,0
1757100,0
1757150,0
1757330,0
1757527,0
1757765,0
1757771,0
1757884,0
1758060,0
1758073,0
1758142,0
1758641,0
1758699,0
1758937,0
1758971,252
1759152,0
1759164,0
1759350,0
1759951,0
1760750,0
1760892,0
1760922,0
1760926,0
1761066,0
1761416,0
1761441,0
1761856,0
1762013,0
1762806,0
1762921,0
1763171,0
1763316,0
1763641,0
1763878,0
1764003,0
1764260,0
1764309,0
1764325,0
1764367,0
1764512,0
1764525,0
1764607,0
1765821,113
1765904,0
1766187,0
1767009,0
1767093,0
1767116,0
1767134,0
1767197,0
1767216,0
1767663,0
1767932,0
1768185,0
1768343,69
1768471,0
1768554,0
1768556,0
1768621,0
1768652,0
1769067,0
1769445,0
1769745,0
1769990,0
1770949,0
1771244,0
1771290,490
1771536,0
1771586,0
1772263,0
1772438,0
1772569,0
1772780,0
1773185,0
1773214,0
1773575,0
1774106,0
1774134,0
1774538,0
1774607,0
1774614,0
1774636,0
1774913,104
1774985,0
1775033,0
1775385,0
1776043,0
1776071,0
1776234,317
1776294,0
1776338,2986
1776666,0
1776675,0
1776775,0
1777003,0
1777024,0
1777045,0
1777197,0
1777224,0
1777429,2940
1777885,0
1778655,0
1778906,0
1778921,0
1778932,0
1779512,0
1779738,0
1780015,0
1780034,0
1780093,0
1780440,0
1781048,0
1781271,0
1781414,0
1781567,0
1781739,0
1781848,0
1781849,0
1782148,0
1782176,0
1782348,0
1782358,0
1782665,0
1782689,0
1782847,0
1783000,0
1783561,0
1783803,970
1783837,0
1784021,0
1784080,0
1784263,0
1784474,0
1784687,0
1784695,0
1784766,0
1784976,0
1785008,0
1785099,0
1785521,0
1785769,0
1786110,0
1786336,0
1786814,0
1786868,0
1786909,0
1787132,0
1787201,0
1787538,0
1787737,0
1788035,0
1788186,0
1788257,0
1788344,0
1788663,0
1788781,0
1789294,0
1789470,0
1789602,0
1789950,0
1789972,0
1790664,0
1790935,0
1791201,0
1791288,0
1791509,0
1791558,0
1791800,0
1791906,0
1792034,0
1792277,0
1792288,0
1792567,0
1792836,0
1792897,0
1792996,0
1793275,0
1793322,0
1793436,0
1794013,0
1794143,0
1794670,0
1794697,0
1794723,65
1794840,0
1794870,0
1794874,0
1795100,0
1795330,0
1795418,0
1795498,0
1795638,0
1795787,182
1795931,0
1796116,0
1796145,0
1796260,0
1796507,0
1796551,0
1796627,0
1796688,0
1796781,0
1796840,0
1797191,0
1797425,0
1797912,0
1797929,0
1798154,215
1798303,0
1798422,0
1798509,0
1798654,0
1798866,0
1799145,0
1799347,0
1799441,0
1799519,0
1799604,0
1799784,0
1800280,0
1800591,0
1800625,0
1800720,0
1800832,0
1801223,0
1801893,0
1801966,0
1802285,0
1802453,0
1802461,0
1802706,0
1802883,0
1802919,0
1803074,0
1803154,0
1803479,0
1803482,0
1803616,0
1803820,0
1804104,0
1804484,0
1804602,0
1804824,0
1804978,0
1805085,0
1805152,0
1805321,0
1806436,0
1806438,0
1807757,0
1807814,0
1807917,0
1808110,0
1808204,0
1808260,0
1808412,0
1808507,0
1808832,0
1808835,0
1808952,0
1808991,0
1809013,0
1809039,0
1809268,0
1809328,0
1809515,0
1809750,0
1809878,0
1809934,0
1810171,0
1810437,0
1810540,0
1810621,0
1810721,0
1810750,0
1810798,0
1810981,0
1811085,1434
1811146,127
1811623,0
1811702,0
1811926,0
1812017,0
1812994,0
1813152,0
1813214,0
1813263,0
1813337,0
1813379,0
1813383,0
1813438,0
1813598,0
1813738,0
1813763,39
1813863,0
1813970,0
1814006,0
1814013,0
1814114,0
1814259,0
1814592,0
1814667,0
1814830,0
1814891,0
1814948,0
1815069,0
1815141,0
1815311,0
1815807,0
1815831,0
1815846,0
1815958,0
1816357,0
1816597,0
1816635,0
1816703,0
1816775,0
1817501,0
1817613,0
1817926,0
1817929,0
1818488,0
1818690,0
1819133,0
1819185,0
1819362,0
1819388,0
1819730,0
1819951,0
1820143,0
1820163,0
1820210,0
1820275,0
1820298,0
1820923,185
1820978,0
1821088,0
1821122,0
1821679,0
1822413,13
1822496,0
1822504,0
1822625,0
1822701,0
1823165,0
1823193,0
1823791,0
1823829,0
1823946,0
1824007,0
1824209,0
1824448,0
1824792,0
1824808,0
1824887,0
1825245,0
1825481,0
1825550,0
1825906,0
1826129,0
1826768,0
1827096,0
1827110,0
1827381,0
1827498,0
1827657,0
1827770,0
1828216,0
1828278,0
1828299,0
1828307,0
1829037,0
1829143,0
1829188,0
1829256,0
1829317,0
1829486,0
1829496,0
1829617,0
1829701,0
1829714,0
1830548,0
1830556,0
1831105,0
1831246,0
1831744,0
1831976,0
1832179,0
1832410,0
1832591,0
1832601,0
1832813,0
1832855,0
1832894,0
1832896,0
1832915,0
1832969,0
1833038,0
1833980,0
1834478,0
1834544,0
1834721,0
1834830,0
1834854,0
1835404,0
1835616,0
1835712,0
1836229,0
1836320,0
1836377,0
1836435,0
1836681,0
1836727,0
1837363,0
1837627,0
1837919,0
1838108,0
1838558,0
1838856,0
1839074,0
1839101,0
1839102,0
1839144,0
1839398,0
1839721,0
1839846,52
1839874,0
1840413,0
1840598,0
1840991,0
1841299,0
1841585,0
1841906,0
1841993,0
1842621,0
1842729,0
1842855,0
1843366,0
1843516,0
1843578,0
1843719,0
1843770,0
1844290,0
1844317,0
1845723,0
1845878,0
1845930,0
1845981,0
1846050,0
1846142,0
1846269,0
1846362,0
1846440,0
1846598,0
1846793,0
1846903,0
1847301,0
1847350,0
1847375,0
1847775,0
1847897,0
1848033,0
1848216,0
1848276,0
1848347,0
1848523,0
1848698,0
1848861,0
1848872,0
1849113,0
1849377,0
1849539,0
1849566,0
1849726,0
1849866,0
1850079,0
1850302,51
1850445,0
1850986,0
1851078,0
1851113,1148
1851135,0
1851346,0
1851393,0
1851492,0
1851543,0
1851567,0
1851625,0
1851763,0
1851865,0
1851876,0
1851956,0
1852184,0
1852341,0
1852599,0
1852679,0
1852946,0
1853011,0
1853104,0
1853233,0
1853330,0
1853376,0
1853412,0
1853569,0
1853865,0
1853922,0
1854115,1016
1854209,0
1854335,0
1854395,0
1854501,0
1854589,0
1854616,0
1854998,0
1855183,0
1855300,0
1855344,0
1855382,0
1855452,0
1855737,0
1855740,0
1855954,0
1856131,0
1856250,0
1856260,0
1856340,0
1857191,0
1857342,0
1857383,0
1857453,0
1857610,0
1857686,130
1857787,0
1857822,0
1857928,0
1858324,0
1858342,0
1858358,0
1858374,0
1858613,0
1858774,0
1858853,239
1858914,0
1859141,0
1859206,0
1859219,0
1859766,0
1860088,0
1860675,0
1861201,0
1861300,0
1861379,0
1861511,0
1861618,0
1861782,0
1861808,0
1861857,0
1861962,0
1862135,0
1862175,0
1862345,0
1862371,0
1862563,148
1862649,0
1862656,0
1862789,0
1862792,0
1862979,0
1863055,0
1863390,0
1863615,0
1864023,0
1864064,0
1864176,0
1864368,0
1864422,0
1864880,0
1865329,0
1865927,313
1866154,0
1866171,0
1866266,0
1866516,0
1866574,0
1866720,0
1867132,0
1867155,0
1867243,0
1867425,0
1867449,0
1867456,47
1867771,0
1868143,0
1868152,0
1868167,0
1868420,0
1869044,0
1869300,0
1869393,0
1869459,0
1869527,0
1869784,0
1869822,0
1869925,0
1870078,0
1870233,0
1870283,0
1870531,0
1870619,0
1870635,0
1870941,0
1871261,0
1871275,0
1871439,0
1871490,0
1871590,0
1871624,0
1872345,0
1872446,0
1872503,0
1873508,0
1873823,0
1874221,0
1874361,0
1874428,0
1874507,0
1874612,0
1874628,0
1874764,0
1874964,0
1874978,0
1875018,0
1875490,0
1875492,0
1875538,0
1875543,0
1875725,0
1875826,126
1876044,0
1876083,0
1876245,0
1876475,0
1876536,0
1876853,0
1876874,0
1876996,0
1877056,0
1877071,0
1877198,0
1877318,0
1877343,0
1877455,0
1877555,0
1877719,0
1877723,0
1878083,0
1878506,0
1878972,0
1879087,0
1879231,0
1879258,0
1879402,0
1879661,0
1879753,0
1879849,0
1880170,0
1880190,0
1880210,0
1880353,0
1880386,1361
1880822,0
1880850,0
1881119,0
1881200,157
1881257,0
1881552,0
1881557,0
1881643,0
1881664,0
1881839,0
1881847,0
1882248,0
1882330,0
1882602,0
1882825,0
1882919,0
1883017,0
1883143,0
1883510,0
1883585,2941
1883651,0
1883710,0
1883799,0
1884288,0
1884306,0
1884549,0
1884826,0
1885093,0
1885466,0
1885752,117
1885908,0
1886415,0
1886572,0
1886761,0
1886984,0
1886987,0
1887014,0
1887046,0
1887079,0
1887584,0
1887614,0
1887754,0
1887877,0
1887918,0
1888127,0
1888195,0
1888694,0
1888708,0
1888867,0
1889032,0
1889248,0
1889370,0
1889606,0
1889844,0
1889945,0
1889958,0
1890179,0
1890252,0
1890293,286
1890366,0
1890422,0
1890528,0
1890708,0
1890818,0
1890821,0
1890865,0
1891018,292
1891071,0
1891115,0
1891146,386
1891159,0
1891194,0
1891205,0
1891367,0
1891573,0
1891619,0
1891738,0
1891784,0
1892130,0
1892319,0
1892475,0
1892526,0
1892684,0
1892687,0
1892755,216
1892937,0
1892949,0
1892993,0
1893000,0
1893130,0
1893147,0
1893242,0
1893250,0
1893275,0
1893278,0
1893341,0
1893416,0
1893814,0
1894007,0
1894033,0
1894866,0
1895111,0
1895235,0
1895603,0
1895650,0
1895758,0
1896300,0
1896315,391
1896352,0
1896526,0
1896623,0
1896702,0
1896755,0
1896795,0
1896908,0
1897059,0
1897071,0
1897302,0
1897328,0
1897442,0
1897699,0
1897967,0
1898096,0
1898102,0
1898253,0
1898310,0
1898533,0
1898589,1123
1898771,0
1898779,0
1898784,0
1898789,0
1898816,0
1898856,0
1898858,0
1898894,0
1898899,0
1898915,0
1899384,0
1899885,0
1899949,995
1900416,0
1900532,0
1900732,0
1901289,0
1901689,0
1901692,0
1901735,0
1901905,0
1901920,0
1902054,192
1902390,0
1902513,0
1902605,0
1902897,0
1903384,0
1904131,0
1904182,0
1904204,0
1904276,0
1904838,0
1905088,0
1905224,0
1905325,677
1905568,0
1905573,0
1906384,0
1906430,0
1906440,0
1906814,0
1907164,0
1907191,0
1907509,0
1907516,0
1907657,0
1907836,0
1907983,0
1908042,0
1908097,0
1908202,0
1908377,0
1908434,95
1908665,0
1908832,0
1908860,0
1908940,0
1909146,0
1909334,0
1909571,0
1909599,385
1909763,0
1910503,0
1910793,0
1910900,0
1910942,0
1911032,0
1911259,0
1911260,0
1911842,0
1911881,0
1912039,0
1912121,103
1912660,0
1912731,0
1912807,266
1912954,0
1913057,0
1913455,0
1913590,0
1913807,0
1914554,0
1914622,0
1915249,0
1915280,0
1915305,0
1915480,0
1915655,0
1915690,0
1915914,0
1915966,0
1916043,0
1916221,0
1916275,0
1916307,0
1916587,0
1916762,0
1917075,0
1917108,0
1917333,0
1917572,0
1917636,0
1917792,0
1917846,0
1917863,0
1917939,0
1918248,0
1918282,0
1918325,0
1918370,0
1918596,0
1918769,0
1918793,0
1918823,0
1918909,0
1918932,0
1919003,0
1919263,0
1919390,0
1919524,0
1919945,0
1920017,0
1920031,0
1920060,0
1920406,0
1920420,0
1921000,0
1921932,0
1921998,0
1922138,0
1922293,0
1922452,0
1922553,0
1922566,0
1922969,0
1923040,0
1923166,0
1923303,0
1923339,0
1923457,0
1923486,0
1923577,0
1923579,0
1923604,0
1923616,0
1923878,0
1923928,0
1923966,0
1924268,0
1924990,0
1925131,0
1925308,0
1925779,0
1925890,0
1925978,0
1926074,0
1926110,0
1926406,0
1927197,0
1927262,0
1927694,0
1927793,0
1927806,0
1927824,0
1927888,0
1928008,0
1928226,0
1928234,0
1928264,0
1928279,0
1928647,0
1928691,0
1928694,0
1928717,0
1928840,0
1928953,0
1929149,0
1929288,0
1929946,0
1930440,0
1930579,0
1930964,0
1930967,0
1931037,0
1931174,0
1931237,0
1931242,0
1931251,0
1931254,0
1931298,0
1931449,0
1931597,0
1931911,0
1931962,0
1931977,0
1932166,0
1932431,0
1932573,0
1932824,0
1932900,0
1933091,0
1933479,0
1933825,0
1933833,0
1933928,0
1934025,0
1934060,0
1934253,0
1934274,0
1934671,0
1935685,64
1935751,0
1935853,0
1935953,0
1936135,0
1936151,0
1936199,0
1936375,0
1936604,0
1936671,0
1936727,0
1936878,0
1936922,0
1936984,0
1937056,0
1937121,0
1937171,0
1937215,0
1937429,0
1937812,0
1938621,0
1939009,75
1939012,0
1939077,0
1939226,0
1939355,0
1939511,0
1939732,1130
1939908,0
1939924,0
1940340,0
1940523,0
1940564,0
1940588,0
1940603,0
1940676,0
1940762,0
1940847,0
1941041,0
1941111,0
1941328,0
1941396,0
1941633,0
1941672,0
1941872,0
1941927,0
1942037,64
1942192,0
1942208,0
1942233,0
1942312,226
1942554,0
1942621,0
1942661,0
1942826,3866
1943140,879
1943181,0
1943184,0
1943289,0
1944066,0
1944335,0
1944370,0
1944539,0
1944586,0
1944930,0
1945228,0
1945457,0
1945489,0
1945654,0
1945976,0
1946084,0
1946150,0
1946212,0
1946509,0
1946592,0
1946673,0
1946826,0
1946895,0
1947145,0
1947473,0
1947475,0
1947575,0
1947686,0
1947731,0
1947737,0
1947771,0
1948109,0
1948125,0
1948176,0
1948229,0
1948249,0
1948318,0
1948420,0
1948481,0
1948495,0
1948505,0
1948584,0
1948855,0
1948866,0
1948906,0
1948973,0
1949466,0
1949501,0
1949555,0
1949657,0
1950227,0
1950332,0
1950383,0
1950385,0
1950708,110
1950742,0
1950766,0
1951425,0
1951507,0
1952446,0
1952631,0
1952869,0
1953133,0
1953260,0
1953299,0
1953527,0
1954177,0
1954292,0
1954441,0
1954932,0
1955115,0
1955119,0
1955153,55
1955310,0
1955352,0
1955570,0
1956147,0
1956241,0
1956261,0
1956482,0
1956610,0
1956963,0
1957118,0
1957216,0
1957559,0
1957851,0
1957854,224
1957867,0
1958072,0
1958344,0
1958546,0
1958585,0
1958586,0
1959099,0
1959196,0
1959379,0
1959418,0
1959444,0
1959516,0
1959679,147
1959798,0
1960163,0
1960200,0
1960426,0
1960658,0
1960694,0
1960884,0
1961010,0
1961025,0
1961182,0
1961184,0
1961335,0
1961418,0
1961743,0
1961763,0
1961852,0
1962065,0
1962268,0
1962487,0
1962710,0
1962954,0
1963333,0
1963352,0
1963503,0
1963524,0
1963527,0
1963556,0
1963746,0
1963754,0
1964173,0
1964973,0
1965037,0
1965124,0
1965150,0
1965438,0
1965569,0
1965653,0
1965765,0
1966078,0
1966233,0
1966344,0
1966433,0
1966625,0
1966674,0
1966907,0
1966986,0
1967097,0
1967207,0
1967336,0
1967619,0
1967760,0
1967839,0
1967876,0
1968239,0
1968251,0
1968334,0
1968538,0
1968759,0
1969137,0
1969316,0
1969394,0
1969414,0
1969490,0
1969734,0
1969774,0
1969944,0
1970076,0
1970409,0
1970688,0
1970712,0
1970786,0
1970811,0
1971265,95
1971503,0
1971686,0
1971713,0
1971741,0
1971823,0
1972063,0
1972271,0
1972324,0
1972340,0
1972713,0
1972869,0
1972931,0
1972945,0
1973143,0
1973577,0
1973710,0
1973765,0
1973905,0
1973908,0
1973930,0
1973949,0
1974053,0
1974170,0
1974298,0
1974367,0
1974446,0
1974608,0
1974632,0
1974779,0
1974819,0
1974951,0
1975117,0
1975343,0
1975431,0
1975653,0
1975679,0
1975775,0
1975818,0
1976104,0
1976244,0
1976303,0
1976371,0
1976433,0
1976475,0
1976504,0
1976930,0
1977324,0
1977362,0
1978134,0
1978817,0
1978875,0
1979099,76
1979216,0
1979438,0
1979447,0
1979464,0
1979537,0
1979554,0
1979587,0
1980124,0
1980333,0
1980409,0
1980942,0
1980960,0
1981016,0
1981158,0
1981315,0
1981366,0
1981410,5278
1981421,0
1981713,0
1981734,0
1981746,0
1981810,0
1982614,0
1982666,597
1982863,0
1983565,0
1983636,0
1983673,0
1983698,0
1984025,0
1984175,0
1984435,0
1984484,0
1984566,0
1984615,0
1984750,0
1984825,0
1985104,0
1985422,0
1985646,0
1985851,0
1985895,0
1985954,0
1986010,0
1986131,0
1986534,0
1986616,0
1986813,0
1987221,128
1987273,0
1987348,0
1987509,0
1987717,0
1987932,0
1988068,0
1988593,0
1988605,0
1988965,0
1988977,0
1989548,0
1989829,0
1989903,0
1989989,0
1990180,0
1990195,0
1990488,0
1990500,0
1990525,0
1990624,246
1990672,0
1990785,0
1990998,0
1991333,0
1991531,0
1991868,0
1992032,0
1992129,0
1992417,0
1992520,0
1992622,0
1992892,108
1992994,0
1993140,0
1993400,0
1993468,0
1993942,0
1994128,0
1994236,0
1994314,0
1994341,0
1994349,0
1994448,0
1994479,0
1994528,0
1994541,0
1994832,0
1994842,0
1995158,0
1995211,0
1995235,0
1995416,0
1995718,0
1995795,0
1996039,0
1996058,517
1996458,0
1996520,0
1996763,0
1997192,0
1997372,0
1997619,0
1997766,0
1997866,0
1998456,0
1998553,0
1998649,0
1998772,0
1999041,0
1999056,0
1999127,0
1999152,0
1999189,0
1999388,0
1999549,0
2000041,0
2000214,0
2000227,0
2000234,0
2000442,0
2000953,0
2001000,0
2001011,0
2001290,0
2001307,0
2001374,0
2001591,0
2001640,0
2001689,0
2001981,0
2002574,0
2002754,0
2002851,0
2002937,0
2003407,0
2003477,0
2003587,0
2003705,0
2004148,0
2004310,0
2004591,0
2004689,0
2004705,0
2004724,0
2004802,0
2005179,0
2005509,0
2005548,0
2005977,0
2006116,0
2006259,0
2006297,0
2006354,0
2006469,0
2006733,0
2006761,0
2006886,0
2007056,0
2007300,0
2007567,0
2008073,0
2008285,0
2008288,0
2008489,0
2008925,0
2008976,236
2009156,0
2009267,0
2009517,0
2009590,394
2009826,0
2009870,0
2009882,0
2009952,0
2009968,0
2009995,0
2010096,0
2010169,0
2010291,0
2010469,0
2011228,0
2011267,0
2011270,0
2011341,0
2011546,0
2011618,0
2011729,0
2011759,0
2011911,0
2012483,0
2012576,0
2012726,0
2012771,0
2012964,13
2013057,0
2013193,0
2013211,0
2013303,0
2013344,0
2014325,0
2014675,0
2014811,0
2014848,0
2015341,0
2015472,0
2015577,0
2015580,0
2015649,0
2015811,0
2015815,0
2015821,0
2015948,0
2015970,0
2016065,0
2016542,0
2016778,0
2016811,0
2016945,0
2017038,0
2017409,0
2017647,0
2017707,25
2017981,0
2017997,0
2018026,0
2018063,0
2018072,0
2018244,0
2018291,0
2018364,0
2018440,0
2018489,203
2018611,0
2018762,0
2018780,0
2018862,0
2018983,0
2019415,156
2019723,0
2019750,0
2019802,0
2019827,0
2019906,0
2020167,0
2020184,0
2020672,0
2020683,152
2020984,0
2021219,2565
2021393,0
2021423,0
2021428,0
2021474,0
2021697,0
2021814,0
2021869,0
2021893,0
2021993,0
2022046,0
2022086,0
2022539,0
2022586,0
2022668,0
2022764,0
2022778,0
2022932,0
2023043,0
2023334,0
2023446,0
2023584,0
2023715,0
2023864,0
2024028,0
2024056,0
2024112,102
2024169,0
2024221,18
2024374,0
2024544,0
2025283,0
2025386,0
2025448,0
2025541,0
2025550,0
2025614,0
2025838,0
2025985,0
2026273,0
2026337,193
2026402,0
2026444,0
2026471,0
2026536,0
2026566,0
2026723,0
2026915,29
2027035,0
2027346,0
2027461,1707
2027486,0
2027489,0
2027859,97
2028053,0
2028211,0
2028377,0
2028526,0
2028647,0
2028710,0
2029196,0
2029286,587
2029319,0
2029556,0
2436092,0
2436237,0
2436438,0
2436537,0
2436549,0
2436882,0
2436885,0
2436973,0
2437181,0
2437198,0
2437269,0
2437388,0
2437410,0
2437478,0
2438101,0
2438203,0
2438369,0
2439052,0
2439089,0
2439208,0
2439250,0
2439382,0
2439475,0
2439632,0
2439724,0
2439971,638
2440268,0
2440358,0
2440493,0
2440803,0
2441369,0
2441793,0
2441905,727
2442161,0
2442191,0
2442314,0
2442411,0
2442465,0
2442512,0
2442580,0
2442604,0
2442623,0
2442899,0
2443213,0
2443429,0
2443909,0
2443962,0
2443981,0
2444130,0
2444192,0
2444211,0
2444536,0
2445083,0
2445194,0
2445391,0
2445394,0
2445709,0
2445859,0
2446010,0
2446301,0
2446357,0
2446519,0
2446829,0
2447034,0
2447306,0
2447376,0
2447467,0
2447811,0
2448055,0
2448080,0
2448123,0
2448175,0
2448351,0
2448391,0
2448567,0
2448810,0
2448832,0
2449385,0
2449434,0
2449574,0
2450112,0
2450601,0
2450723,0
2450753,0
2451042,0
2451374,0
2451490,0
2451497,0
2451872,0
2451889,0
2451953,0
2451986,0
2452045,0
2452262,0
2452511,0
2452932,0
2453096,0
2453167,0
2453265,0
2453374,0
2453591,0
2453952,0
2454068,0
2454355,0
2454547,0
2454960,0
2455303,0
2455551,2555
2455589,0
2455683,0
2456154,0
2456167,0
2456328,0
2456772,0
2457219,0
2457376,0
2457703,0
2457963,0
2458082,0
2458254,0
2458482,0
2458538,0
2458660,0
2459078,0
2459269,0
2459494,0
2459896,0
2459999,0
2460012,0
2460255,0
2460259,0
2460335,0
2460632,0
2460857,0
2460957,0
2461013,0
2461163,204
2461313,0
2461563,0
2461622,0
2461819,0
2461833,0
2462217,0
2462363,0
2462906,0
2462943,0
2463091,0
2463174,0
2463196,0
2463334,0
2463789,0
2464023,0
2464038,0
2464379,0
2464395,0
2464445,0
2464574,0
2464669,0
2464694,0
2464787,0
2465341,0
2465343,0
2465345,0
2465505,0
2465722,0
2465999,0
2466427,0
2466553,0
2466581,0
2466748,0
2466833,0
2467139,0
2467527,0
2467594,0
2467964,0
2468060,0
2468324,0
2468442,0
2468487,0
2468720,0
2468768,0
2468810,0
2468876,0
2468897,0
2469334,0
2469369,0
2469384,0
2469402,0
2469459,0
2469827,0
2469965,0
2469998,0
2470082,0
2470499,0
2471018,0
2471055,0
2471298,0
2471309,0
2471324,0
2471359,0
2471611,0
2471798,0
2471890,0
2472224,0
2472377,0
2472415,0
2472902,0
2472937,0
2472989,0
2473042,0
2473132,0
2473149,0
2473347,0
2473389,0
2473414,0
2473528,0
2473699,0
2473837,0
2474064,0
2474476,0
2474606,0
2474663,0
2474710,0
2474732,331
2474823,0
2474869,0
2474931,0
2475348,118
2475413,0
2475582,0
2475586,0
2475762,0
2475786,0
2476036,0
2476249,0
2476277,186
2476329,0
2476458,0
2476650,0
2476876,0
2476925,0
2477001,0
2477087,0
2477225,0
2477458,0
2477473,0
2478139,0
2478393,0
2478635,0
2478792,0
2478864,0
2479479,0
2479552,0
2479810,0
2480103,0
2480213,0
2480345,0
2480417,0
2480421,0
2480605,0
2480661,0
2480764,0
2481193,0
2481679,0
2481760,0
2481857,0
2481964,0
2482553,0
2482577,0
2482703,0
2482974,0
2483299,0
2484006,0
2484516,0
2484606,0
2484928,0
2484932,205
2485204,0
2485285,0
2485357,83
2485369,0
2485670,0
2485782,0
2485901,0
2485999,0
2486045,0
2486320,0
2486451,0
2486495,0
2486526,0
2486650,0
2486660,0
2486763,0
2486825,0
2486833,0
2487241,0
2487408,0
2487515,0
2487707,0
2487976,0
2488006,0
2488237,0
2488456,0
2488520,0
2488751,0
2488849,312
2488928,0
2489441,0
2489481,0
2489485,0
2489631,0
2489668,0
2489916,0
2489948,0
2489994,0
2490039,0
2490124,0
2490331,0
2490462,0
2490754,0
2490796,177
2490950,0
2491044,0
2491149,0
2491346,0
2491410,0
2491477,0
2491838,0
2491863,0
2491974,0
2491992,44
2492114,212
2492171,0
2492215,0
2492491,0
2492624,0
2492674,0
2492772,0
2492814,251
2492848,0
2492941,0
2493017,122
2493138,0
2493192,0
2493414,0
2493501,0
2493618,0
2493653,0
2493661,0
2493773,0
2494718,0
2494819,0
2494850,0
2494885,0
2494934,0
2495060,0
2495085,0
2495264,0
2495281,0
2495670,0
2495698,0
2495700,0
2495717,0
2495938,0
2496151,0
2496200,0
2496271,0
2496379,0
2496473,0
2496515,0
2496917,0
2496920,739
2497212,138
2497221,0
2497406,35
2497604,0
2497651,0
2497654,0
2497777,0
2497840,0
2497922,37
2498065,0
2498071,0
2498105,0
2498154,0
2498262,0
2498307,0
2498341,0
2498428,357
2498598,0
2498680,0
2498776,363
2498811,0
2498967,0
2499126,0
2499153,0
2499169,0
2499319,113
2499444,367
2499455,0
2499606,0
2499650,0
2499711,359
2499722,0
2499738,0
2499826,0
2499896,0
2499984,0
2500084,0
2500253,0
2500349,0
2500409,0
2500426,0
2500486,0
2500549,0
2500685,0
2500822,0
2501262,0
2501340,0
2501497,0
2501681,0
2502022,0
2502074,0
2502285,79
2502610,0
2502688,0
2502729,0
2502926,0
2503046,0
2503153,0
2503179,0
2503221,0
2503274,190
2503285,0
2503381,0
2503389,0
2503672,0
2503934,0
2504186,0
2504316,0
2504665,0
2504685,0
2504858,0
2505041,0
2505082,0
2505294,0
2505469,0
2506155,0
2506185,0
2506190,0
2506542,0
2506721,0
2506742,0
2506811,0
2506898,0
2506908,0
2507319,0
2507419,0
2507464,0
2507557,0
2507783,0
2507888,0
2508011,0
2508210,0
2508211,0
2508228,0
2508236,0
2508314,0
2508515,0
2508518,0
2508697,0
2508861,0
2509032,0
2509323,0
2509384,222
2509423,0
2509612,0
2509623,0
2509632,0
2509697,0
2510043,0
2510498,0
2510526,0
2510605,0
2510844,0
2510929,621
2510982,0
2511269,0
2511306,0
2511423,0
2511498,0
2511517,0
2511642,0
2512230,0
2512580,0
2512607,0
2512626,0
2512658,0
2513288,0
2513385,0
2513480,0
2513500,0
2513535,0
2513574,0
2513637,0
2513937,0
2514125,0
2514203,0
2514533,0
2514768,0
2514986,0
2515135,0
2515220,0
2515408,0
2515466,0
2515505,0
2515554,0
2515664,79
2515684,0
2515800,0
2515982,124
2516102,0
2516270,0
2516358,0
2517595,0
2518006,0
2518487,0
2518594,0
2518825,0
2518836,0
2518969,932
2519101,0
2519232,0
2519316,0
2519321,0
2519419,0
2519721,0
2519791,0
2519837,0
2519940,0
2520039,0
2520187,0
2520317,0
2520527,0
2520694,134
2520858,0
2520931,0
2520994,0
2521037,0
2521094,0
2521140,0
2521236,0
2521263,0
2521438,0
2521569,0
2521827,0
2521985,0
2522531,0
2522887,0
2522949,0
2523196,0
2523483,0
2523628,0
2523847,0
2523851,0
2523854,0
2523917,0
2523971,0
2524034,0
2524196,0
2524200,0
2524396,0
2524569,0
2525142,0
2525175,0
2525185,0
2525284,0
2525323,0
2525370,0
2525444,0
2525455,0
2525512,0
2525595,0
2525801,0
2525994,0
2526230,0
2526597,0
2526664,0
2526702,0
2526732,0
2526821,0
2527036,0
2527517,0
2527548,0
2527602,0
2527642,0
2527645,0
2527698,0
2528132,0
2528151,0
2528211,0
2528584,0
2528604,0
2529026,0
2529155,0
2529217,0
2529288,0
2529383,0
2529663,0
2529689,0
2529821,0
2529832,0
2530051,535
2530057,0
2530112,0
2530114,0
2530157,0
2530164,0
2530170,0
2530391,0
2530921,0
2531119,0
2531120,0
2531171,0
2531235,0
2532224,0
2532619,0
2532675,0
2532720,0
2532788,0
2532798,0
2532824,0
2532831,0
2532873,0
2532950,0
2532975,0
2532997,0
2533061,0
2533241,0
2533396,0
2533496,0
2533584,0
2533719,0
2533750,0
2533920,286
2534142,0
2534522,0
2534632,0
2534727,0
2535061,0
2535076,0
2535083,0
2535107,0
2535111,0
2535151,0
2535293,0
2535314,0
2535433,0
2535448,0
2535707,0
2536129,0
2536208,0
2536266,0
2536324,123
2536556,0
2536824,0
2537051,0
2537418,0
2537489,0
2537516,0
2538735,0
2539193,0
2539319,0
2539730,0
2539992,0
2540462,0
2540472,0
2540482,0
2540678,0
2540795,0
2540825,0
2540954,0
2541122,0
2541159,0
2541460,0
2541593,0
2541676,0
2541680,173
2541896,0
2542022,0
2542082,0
2542193,0
2542222,0
2542378,0
2542496,0
2542984,0
2543190,0
2543385,0
2544139,0
2544243,0
2544375,0
2545110,0
2545304,0
2545309,0
2545343,0
2545351,0
2545354,0
2545355,0
2545516,0
2545619,0
2546081,0
2546130,0
2546219,0
2546238,0
2546350,0
2546752,0
2546762,0
2546850,0
2546860,0
2546949,0
2546961,0
2547069,0
2547074,0
2547480,0
2547741,0
2547755,0
2548154,0
2548300,0
2548637,554
2548904,0
2549377,0
2549660,0
2549771,0
2550148,0
2550213,0
2550485,0
2550489,122
2550741,0
2550980,0
2551053,0
2551054,0
2551367,0
2551465,0
2551662,0
2551712,0
2551928,0
2552025,0
2552151,0
2552231,0
2552330,0
2552988,0
2553178,0
2553353,0
2553725,0
2553904,0
2554009,0
2554062,0
2554167,0
2554190,0
2554258,0
2554292,0
2555207,0
2555414,0
2555617,0
2555691,0
2555948,0
2556001,0
2556615,0
2556775,0
2556989,0
2557153,0
2557209,0
2557233,0
2557398,0
2557468,0
2557510,0
2557618,0
2557642,0
2557717,0
2557823,0
2558070,292
2558079,0
2558197,0
2558361,0
2558622,0
2558703,0
2558843,0
2559209,0
2559263,0
2559477,0
2559822,0
2559859,0
2559975,0
2560154,0
2560214,152
2560356,0
2560513,0
2560550,0
2560689,0
2560881,0
2561521,0
2561558,0
2561640,0
2561998,0
2562017,0
2562103,0
2562221,0
2562297,594
2562300,0
2562313,0
2562373,0
2562475,0
2562899,0
2563042,0
2563553,0
2563659,0
2563692,0
2563706,0
2563857,0
2563967,0
2564067,59
2564279,0
2564451,0
2564500,0
2564639,0
2564934,0
2564936,0
2565066,0
2565201,0
2565360,0
2565553,0
2565692,0
2565922,0
2565937,0
2565944,0
2566338,0
2566381,0
2566433,0
2566636,0
2566674,0
2566692,0
2566856,0
2567296,0
2567451,0
2567530,130
2567710,0
2567828,0
2568126,0
2568393,0
2568507,0
2569314,0
2569627,0
2570320,0
2570430,0
2570449,0
2570493,0
2570848,0
2571023,0
2571520,0
2571529,0
2571596,129
2571643,0
2571661,0
2571914,0
2571945,0
2571951,0
2572047,0
2572938,0
2573020,0
2573169,0
2573331,0
2573527,0
2573669,357
2573949,0
2574094,0
2574453,0
2575018,0
2575809,0
2575828,0
2575909,0
2576167,0
2576365,0
2576487,0
2576544,0
2576565,0
2576670,0
2576735,0
2577215,0
2577256,0
2577406,0
2577513,0
2577551,0
2577623,0
2577857,0
2578385,0
2579126,0
2579362,0
2579600,0
2579635,0
2579644,0
2579723,0
2579773,0
2579863,0
2579882,0
2580006,0
2580081,0
2580130,0
2580294,0
2580369,0
2580410,0
2580506,0
2581001,0
2581115,0
2581317,0
2581706,0
2581743,0
2581800,0
2582141,0
2582557,0
2582807,0
2582901,0
2582963,0
2583109,0
2583138,0
2583168,0
2583198,0
2583219,0
2583276,0
2583282,0
2583439,0
2583456,0
2583499,0
2583511,0
2583918,0
2583932,0
2584032,0
2584103,0
2584159,0
2584259,0
2584373,0
2584499,0
2584633,0
2584876,0
2584995,0
2585196,0
2585210,148
2585773,0
2586042,0
2586051,0
2586132,0
2586148,0
2586210,0
2586695,0
2586737,0
2587015,0
2587153,0
2587551,0
2588011,0
2588054,0
2588362,0
2588559,0
2588768,0
2589083,0
2589227,0
2589278,212
2589446,0
2589500,0
2589621,0
2589675,0
2589733,0
2589752,0
2589790,0
2589883,0
2589892,0
2590023,0
2590130,0
2590154,162
2590271,0
2590684,0
2590690,0
2590894,0
2591127,36
2591146,0
2591157,0
2591314,838
2591599,0
2591645,0
2591651,0
2591819,0
2592093,0
2592162,0
2592579,0
2592626,0
2592636,0
2593465,0
2593977,0
2594043,0
2594182,0
2594308,0
2594372,0
2595005,0
2595279,0
2595314,0
2595638,0
2595701,0
2595878,0
2596299,661
2596311,0
2596729,0
2597052,0
2597115,0
2597166,0
2597174,0
2597309,0
2597320,0
2597396,0
2597397,0
2597547,0
2597739,0
2597757,14
2597831,0
2597966,0
2598072,0
2598830,0
2598916,0
2599037,0
2599157,0
2599312,0
2599395,0
2599555,0
2599710,0
2599711,0
2599954,0
2600157,0
2600461,0
2600509,0
2600532,35
2600603,0
2600615,87
2600642,0
2600745,0
2601004,0
2601090,0
2601179,0
2601316,0
2601413,0
2601448,0
2601521,0
2602111,0
2602426,0
2602577,0
2602729,0
2602828,0
2602829,0
2602995,0
2603051,0
2603156,1290
2603162,0
2603172,0
2603432,0
2603451,0
2603468,0
2603719,0
2603747,0
2603812,0
2603944,60
2604040,0
2604239,0
2604402,0
2604598,0
2604684,0
2605170,0
2605349,0
2605780,0
2605785,0
2605796,0
2605895,0
2606446,0
2606486,0
2606509,0
2606718,0
2606794,0
2606914,0
2607100,0
2607496,102
2607638,0
2607695,0
2607715,0
2607864,0
2607948,0
2608626,0
2608961,0
2609081,83
2609167,0
2609650,0
2609859,0
2609938,0
2610137,0
2610248,0
2610415,0
2610662,0
2610746,0
2610920,0
2611045,0
2611128,0
2611307,0
2611346,0
2611468,0
2611586,454
2611721,0
2611749,0
2611915,0
2612052,0
2612159,0
2612273,0
2612542,0
2612596,0
2612697,0
2612750,0
2612850,0
2613008,0
2613036,0
2613065,0
2613122,0
2613129,333
2613130,0
2613315,0
2613364,0
2613597,44
2614125,0
2614197,0
2614331,0
2614540,287
2615298,0
2615318,0
2615513,0
2616195,0
2616449,0
2616794,0
2616820,0
2616925,0
2616965,0
2616996,0
2617133,0
2617222,0
2617412,0
2617678,0
2617757,0
2617763,0
2617780,0
2617909,0
2617928,586
2618097,0
2618304,0
2618321,0
2618554,0
2618714,0
2618937,0
2618991,0
2619021,0
2619033,0
2619173,0
2619244,0
2619553,0
2619590,0
2619677,0
2619916,0
2620481,0
2620628,0
2621096,0
2621216,330
2621534,0
2621613,0
2621746,0
2621769,0
2621876,0
2621943,0
2622014,2498
2622708,0
2622824,0
2622868,809
2623004,627
2623046,0
2623640,0
2623648,65
2623686,0
2623725,0
2623848,0
2624024,0
2624175,0
2624309,0
2624519,0
2624543,0
2624650,0
2624668,0
2624759,0
2625062,0
2625522,0
2626408,0
2626519,0
2626941,0
2626943,0
2627228,0
2627255,0
2627289,0
2627341,0
2627588,0
2627656,0
2627815,0
2628293,0
2628518,0
2629083,0
2629242,0
2629886,0
2629897,0
2630267,0
2630279,0
2630355,0
2630719,0
2630916,0
2631232,0
2631366,0
2631430,0
2632042,0
2632430,0
2632471,0
2632654,0
2632703,0
2632704,0
2632721,0
2632969,0
2632997,0
2633012,0
2633339,0
2633561,0
2633617,0
2633656,0
2633735,0
2633755,0
2633892,0
2634318,0
2634326,0
2634541,0
2634563,0
2634611,0
2634865,0
2635051,0
2635192,0
2635425,0
2635576,0
2635783,0
2635866,0
2636068,0
2636098,0
2636131,0
2636441,0
2636627,0
2636838,0
2637126,0
2637196,0
2637238,0
2637749,0
2637903,0
2638122,0
2638310,0
2638573,0
2638645,0
2638759,0
2639400,0
2639566,0
2639674,0
2639684,0
2639693,0
2640061,0
2640353,0
2640384,0
2640525,0
2640669,0
2640903,0
2641140,0
2641200,0
2641222,0
2641274,52
2641539,0
2642453,0
2642605,0
2642655,800
2642929,0
2643005,0
2643054,0
2643059,0
2643492,0
2643567,0
2643602,1664
2643807,0
2643816,0
2643838,0
2644018,0
2644175,0
2644268,0
2644546,0
2644675,0
2644690,0
2644704,0
2644754,0
2644759,0
2644939,0
2644948,0
2645162,0
2645212,0
2645224,5327
2645338,0
2645427,0
2645620,0
2645788,0
2645800,0
2645860,0
2645990,0
2645994,0
2646010,0
2646078,0
2646446,0
2646563,0
2646666,0
2646674,0
2646687,0
2646963,18
2646971,0
2647014,0
2647088,0
2647487,0
2647490,0
2647714,0
2647831,0
2647978,0
2648181,0
2648268,0
2648361,0
2648437,0
2648559,0
2648583,0
2648978,0
2649190,0
2649378,0
2649454,0
2649588,0
2649801,0
2649866,0
2650159,0
2650269,0
2650350,0
2650398,0
2650489,454
2650628,0
2650661,0
2650821,0
2651456,0
2651527,0
2651531,0
2651775,0
2651805,0
2651833,0
2651845,0
2651909,0
2652190,0
2652651,0
2652846,0
2652946,0
2653036,0
2653079,0
2653084,0
2653265,0
2653402,0
2653576,0
2653781,0
2653852,0
2653980,0
2654001,0
2654056,0
2654240,0
2654275,0
2654487,0
2654929,0
2655816,2232
2655891,0
2655958,0
2655999,0
2656353,0
2656643,0
2656969,0
2657307,0
2657587,0
2657722,0
2657935,0
2657959,196
2658074,0
2659200,0
2659783,0
2659830,0
2660128,0
2660189,0
2660244,0
2660389,0
2660416,0
2660863,0
2660891,0
2660932,0
2661295,0
2661411,0
2661483,0
2661767,0
2661923,0
2662514,0
2662543,0
2662822,324
2663235,0
2663491,0
2663643,0
2663644,0
2663725,0
2663759,0
2664220,0
2664275,0
2664712,0
2664743,0
2664816,493
2665675,0
2665949,0
2666170,0
2666371,0
2666448,0
2666935,0
2667071,0
2667085,0
2667233,0
2667372,0
2667427,0
2667994,0
2668066,0
2668402,0
2668577,0
2668666,0
2668715,0
2668776,0
2668796,0
2668995,287
2669148,0
2669170,0
2669219,0
2669475,0
2669558,0
2669806,0
2669998,0
2670237,0
2670307,0
2670328,0
2670606,0
2670760,0
2670761,0
2671164,0
2671351,0
2671528,0
2671872,0
2671991,0
2672054,0
2672155,0
2672452,467
2672566,0
2672643,0
2672678,0
2672905,0
2673209,0
2673529,0
2673923,0
2673955,1886
2674312,0
2674623,0
2674662,0
2674777,0
2674843,0
2674857,0
2674916,0
2674956,0
2674962,0
2675293,0
2675597,0
2676070,0
2676222,0
2676251,0
2676356,0
2676562,0
2677049,0
2677076,0
2677230,0
2677418,0
2677494,0
2677654,0
2677687,0
2677691,0
2677718,0
2677860,0
2678216,86
2678730,0
2679233,0
2679289,0
2679415,0
2679544,0
2679641,0
2680331,0
2680364,0
2680420,1209
2680445,0
2680459,0
2680485,0
2680642,0
2680652,0
2680855,0
2680865,0
2680896,0
2681316,0
2681461,0
2681533,0
2681897,0
2682314,0
2682366,0
2682372,93
2682376,0
2682395,0
2682567,0
2682715,0
2683095,0
2683113,0
2683170,0
2683245,0
2683250,0
2683279,0
2683460,0
2683531,0
2683781,0
2683881,0
2684128,0
2684435,0
2684437,0
2684471,0
2684750,0
2684809,0
2685291,0
2685415,0
2685478,0
2685541,0
2685570,0
2685572,0
2686023,0
2686067,0
2686099,526
2686435,0
2686611,0
2687158,0
2687330,0
2687420,0
2687683,0
2687733,31
2687737,140
2687892,0
2687906,0
2687931,0
2688178,0
2688406,0
2688666,0
2688902,0
2689050,0
2689107,0
2689149,0
2689496,0
2689682,0
2689862,0
2689936,0
2689951,0
2690050,0
2690361,0
2690468,0
2690509,0
2690662,0
2690864,0
2690935,0
2691231,0
2691424,0
2691566,0
2691568,0
2691583,0
2692733,0
2692850,0
2692970,0
2692989,0
2693219,0
2693225,0
2693246,0
2693258,0
2693278,0
2693375,0
2693669,0
2693778,0
2693817,0
2693961,0
2693982,0
2693999,0
2694205,0
2694344,0
2694681,0
2694764,0
2694999,0
2695411,0
2695431,0
2695442,0
2695722,0
2695780,0
2696544,0
2696669,0
2696738,0
2696766,0
2696805,0
2696808,0
2696997,0
2697808,253
2698226,0
2698358,0
2698439,0
2698463,0
2698722,0
2698737,0
2698816,0
2698824,0
2698949,0
2698983,0
2699161,0
2699386,0
2699560,0
2699678,0
2699738,0
2699742,0
2699906,0
2700022,0
2700102,0
2700114,0
2700122,0
2700477,0
2700964,0
2701434,0
2701531,0
2701731,0
2701775,0
2701935,0
2701954,246
2702108,0
2702327,0
2702345,0
2702718,0
2702991,0
2703079,0
2703379,0
2703597,0
2703661,0
2703737,0
2703885,0
2703903,0
2704079,0
2704305,0
2704445,0
2704692,0
2704891,0
2705178,0
2705192,0
2705235,0
2705242,0
2705277,150
2705362,0
2705445,0
2705480,0
2705915,291
2706146,0
2706218,0
2706511,0
2706563,160
2706650,0
2706928,0
2707261,0
2707329,0
2707342,0
2707473,0
2707699,0
2707735,0
2707832,0
2707984,0
2708143,0
2708342,0
2708363,0
2708559,0
2709047,0
2709062,0
2709129,212
2709440,0
2709449,38
2709600,0
2709804,0
2709869,0
2709998,0
2710017,0
2710036,0
2710061,0
2710312,0
2710317,0
2710395,0
2710870,0
2710964,0
2711075,0
2711256,0
2711277,0
2711378,0
2711573,0
2711718,0
2711873,0
2711962,0
2711984,178
2712056,0
2712547,0
2712599,0
2712759,0
2712885,0
2713367,0
2713569,0
2713612,478
2713880,0
2714090,0
2714397,0
2714426,0
2714825,0
2714877,0
2715096,0
2715240,0
2715257,1587
2715281,0
2715359,0
2715624,0
2715657,0
2715685,0
2715834,0
2716102,0
2716163,0
2716566,187
2716631,0
2716775,0
2716908,42
2717380,0
2717578,0
2717623,0
2717632,0
2717769,0
2717770,0
2717791,0
2717932,0
2717974,0
2718224,0
2718411,0
2718509,0
2718533,0
2718805,0
2718809,291
2718876,0
2718970,0
2719040,0
2719144,0
2719223,0
2719254,0
2719443,0
2719737,0
2719852,0
2719885,0
2720267,0
2720289,0
2720309,0
2720311,205
2720366,0
2720753,0
2720849,0
2720869,0
2721217,0
2721295,0
2721356,0
2721460,0
2721496,0
2721784,0
2722022,0
2722154,0
2722577,0
2722592,0
2722663,0
2722709,0
2723083,0
2723144,0
2723242,0
2723250,0
2723328,0
2723348,0
2723367,0
2723512,0
2723831,0
2723933,0
2724516,0
2724587,0
2724673,0
2724787,0
2724943,0
2724988,0
2725123,555
2725292,0
2725303,0
2725446,0
2725456,0
2725492,0
2725516,0
2725577,0
2725698,0
2725927,0
2726204,11
2726395,0
2726637,0
2726698,0
2726746,0
2727006,0
2727125,0
2727363,0
2727370,0
2727509,0
2727556,0
2727735,0
2727937,572
2728080,0
2728120,0
2728157,0
2728267,0
2728406,0
2728443,0
2728539,0
2728678,0
2728684,0
2729034,0
2729165,336
2729286,0
2729538,0
2729645,0
2729762,0
2729890,0
2730032,0
2730222,0
2730233,0
2730435,0
2730549,0
2730915,0
2731011,0
2731106,0
2731287,0
2731462,0
2731554,0
2731664,0
2731671,0
2731779,0
2732090,0
2732102,0
2732127,0
2732131,0
2732208,0
2732335,0
2732355,0
2732566,0
2733094,0
2733137,0
2733141,0
2733376,0
2733398,0
2733471,0
2733647,0
2733778,0
2733787,0
2733790,0
2734145,0
2734292,0
2734372,0
2734766,0
2734893,0
2734894,0
2734913,0
2734974,972
2735008,0
2735085,0
2735132,0
2735192,0
2735307,0
2735337,0
2735360,0
2735397,0
2735720,155
2735745,0
2735903,0
2736472,0
2736656,0
2736909,0
2736978,0
2737187,0
2737241,220
2737295,0
2737349,0
2737360,0
2737504,0
2737539,0
2737627,0
2737646,2809
2737727,0
2737830,0
2738076,0
2738079,0
2738275,0
2738370,0
2738568,0
2738598,0
2738688,0
2738692,0
2738829,0
2738846,0
2738886,0
2739055,0
2739057,0
2739330,0
2739474,0
2739476,0
2739553,0
2739756,0
2740130,0
2740620,100
2740695,294
2740757,0
2740872,0
2741007,0
2741201,0
2741299,0
2741352,0
2741459,0
2741497,0
2741652,0
2741653,0
2741792,0
2742155,0
2742181,0
2742388,0
2742398,0
2742502,0
2742536,699
2742649,0
2742671,0
2742866,0
2743045,0
2743097,0
2743099,0
2743114,0
2743134,0
2743437,0
2743442,0
2743563,0
2743640,0
2743785,0
2744145,0
2744224,0
2744272,0
2744356,0
2744407,0
2744639,0
2744680,0
2744779,94
2744786,0
2744807,0
2744849,0
2745010,0
2745103,0
2745279,0
2745285,0
2745387,0
2745415,0
2745514,0
2745621,0
2745727,0
2745891,0
2745900,136
2745976,0
2746033,0
2746102,0
2746418,0
2746458,0
2746513,0
2746596,0
2746700,0
2746777,0
2747030,0
2747133,0
2747324,0
2747357,0
2747411,0
2747507,0
2747616,0
2747743,0
2747890,0
2747896,0
2747958,0
2748373,0
2748382,0
2748582,0
2748759,0
2748864,0
2748906,0
2748976,627
2749141,0
2749168,0
2749282,0
2749451,0
2749468,0
2749524,1185
2749706,0
2749783,0
2750435,0
2750475,0
2750757,0
2750761,0
2750872,0
2751047,0
2752024,0
2752028,0
2752035,0
2752397,0
2752421,0
2752857,0
2753017,0
2753064,0
2753444,0
2753453,0
2753558,0
2753727,0
2754033,0
2754183,0
2754245,0
2754251,0
2754263,0
2754390,0
2754511,0
2754516,0
2754895,0
2754906,0
2755268,0
2755740,0
2755880,0
2756119,0
2756285,0
2756307,0
2756315,0
2756326,0
2756660,0
2756750,0
2756751,0
2757614,0
2757714,0
2757836,70
2758003,0
2758226,0
2758336,0
2758358,0
2758404,0
2758518,0
2758681,0
2759221,0
2759259,0
2759439,0
2759820,0
2760508,0
2760618,0
2760661,0
2761158,0
2761178,0
2761713,474
2762092,0
2762093,0
2762501,0
2762773,0
2763255,2148
2763485,0
2763497,0
2763799,0
2763889,0
2764369,0
2764677,0
2764791,0
2764961,0
2765393,0
2765504,0
2765689,0
2765799,0
2766228,0
2766259,0
2766277,0
2766424,0
2766485,0
2766663,0
2766921,0
2766993,0
2767131,0
2767894,0
2767949,0
2768187,0
2768394,0
2768932,0
2769060,0
2769209,0
2769875,0
2770160,0
2770189,0
2770327,0
2770443,0
2770482,0
2770651,0
2770786,0
2770920,0
2770972,0
2771067,0
2771147,0
2771198,0
2771465,0
2771519,0
2771664,0
2771817,0
2772262,0
2772711,0
2772840,0
2772967,0
2773078,0
2773151,0
2773442,0
2773533,0
2773554,0
2773571,34
2773611,0
2773641,0
2773715,0
2773915,0
2773985,0
2774059,0
2774198,0
2774270,0
2774431,0
2774551,0
2774557,0
2774684,25
2774740,0
2774766,0
2774787,0
2774793,0
2774936,0
2775406,0
2775465,0
2775467,0
2775778,1349
2775829,0
2775830,0
2776234,0
2776376,0
2776390,0
2776628,0
2776937,0
2777238,0
2777267,0
2777432,0
2777581,0
2777631,0
2777682,0
2777720,0
2777722,0
2777842,0
2778124,0
2778241,0
2778505,0
2778644,0
2778687,0
2779047,0
2779070,0
2779223,0
2779296,0
2779475,0
2779740,0
2780664,0
2780876,0
2781009,0
2781106,0
2781655,0
2781841,0
2782764,0
2782961,0
2783194,0
2783904,0
2784070,0
2784311,0
2784376,0
2784392,0
2784833,0
2785035,0
2785159,0
2785169,0
2785190,0
2785301,0
2785328,0
2785450,0
2786566,0
2786595,0
2786627,0
2787595,0
2787715,0
2787760,0
2788152,0
2788190,0
2788217,0
2788235,10460
2788302,0
2788401,0
2788524,195
2788657,0
2788803,0
2788886,0
2789151,0
2789292,0
2789754,0
2789792,0
2790199,0
2790257,0
2790296,0
2790312,0
2790347,0
2790631,0
2790837,0
2791033,0
2791335,0
2791369,0
2791730,0
2791834,0
2792082,0
2792187,0
2792230,0
2792259,0
2792291,0
2792522,0
2792567,0
2792946,0
2793562,0
2793578,0
2793685,0
2794175,0
2794255,0
2794821,0
2794861,0
2795006,0
2795235,0
2795341,0
2795356,0
2795616,0
2795626,0
2796243,0
2796890,0
2796905,0
2797091,0
2797126,0
2797148,0
2797222,0
2797255,0
2797266,0
2797301,0
2797429,0
2797642,0
2797646,0
2797664,0
2798008,0
2798035,0
2798136,0
2798147,0
2798294,31
2798298,0
2798314,0
2798552,0
2798676,0
2798716,0
2798764,0
2798787,0
2798795,0
2798827,0
2798829,0
2798986,0
2799085,0
2799102,0
2799322,0
2799451,0
2799609,0
2799819,0
2799883,0
2799894,0
2799987,0
2800023,0
2800069,0
2800109,0
2800416,56
2800424,0
2800453,0
2800470,0
2800694,0
2800695,0
2800831,0
2800838,0
2800861,0
2800951,0
2800952,1339
2801233,0
2801599,0
2801938,0
2802385,0
2802469,0
2802475,0
2802503,0
2802622,70
2802720,0
2802770,0
2802911,0
2803165,0
2803509,0
2803669,0
2803678,0
2803895,125
2804305,0
2804572,0
2804978,0
2805321,0
2805467,0
2805561,0
2805979,0
2806067,0
2806069,0
2806212,0
2806291,0
2806576,0
2806632,0
2806646,0
2806705,0
2806708,0
2806793,0
2806989,0
2807010,0
2807161,0
2807207,0
2807431,0
2807450,0
2807927,0
2808384,0
2808391,0
2808670,0
2808791,0
2809018,0
2809384,0
2809509,0
2809511,0
2809781,0
2809998,0
2810346,0
2810417,0
2810646,0
2810690,0
2810727,0
2810941,0
2811148,0
2811335,0
2811449,0
2811458,0
2811460,0
2811511,0
2811659,0
2811917,0
2812028,0
2812320,0
2812360,0
2812853,0
2813249,0
2813622,0
2813629,0
2814143,0
2814282,0
2814489,0
2814701,0
2814873,0
2814896,0
2815006,0
2815645,0
2815696,0
2815969,0
2816069,0
2816245,0
2816268,0
2816273,0
2816581,0
2816612,0
2816637,0
2816722,0
2816787,0
2817343,0
2817349,0
2817728,0
2817768,0
2817822,0
2818202,0
2818271,0
2818332,0
2818491,0
2818535,0
2818745,0
2818901,0
2819264,0
2819265,0
2819630,0
2819661,0
2819838,0
2819856,0
2820019,0
2820480,0
2820747,0
2820867,0
2820886,0
2820923,0
2821449,0
2821638,0
2821957,0
2822619,0
2822772,0
2823174,0
2823232,0
2823528,0
2823908,0
2824061,0
2824523,0
2824536,0
2824859,0
2824870,0
2825310,0
2825539,0
2825806,0
2825943,0
2826202,0
2826323,0
2826571,0
2826732,0
2826843,0
2827161,0
2827380,0
